id	slope	elevation	tpi	twi	coarse	stream
1	5.409361	517.2246	15.87869	-0.13311	13.46452	42.3766
2	4.846739	584.8145	20.45134	0.129688	14.40061	46.3886
3	3.92177	542.6637	25.66871	-0.14729	13.87805	4.1233
4	5.410428	560.277	13.85191	0.075786	14.90411	49.677
5	3.900732	553.8167	18.96174	0.158351	14.65441	44.5793
6	4.688583	588.2513	16.54953	-0.33726	15.25	15.8498
7	1.684557	430.0556	37.24195	1.18451	10.14458	82.8566
8	2.111083	445.7348	27.8939	1.0517	11.35385	61.3973
9	3.769247	497.0278	17.94172	0.033983	14.20225	31.5337
10	3.89008	475.4497	15.71319	0.991388	13.67308	88.5715
11	3.555388	511.4358	26.32486	0.279328	13.76216	37.9809
12	4.088971	456.5478	23.50023	0.842696	11.01648	43.7493
13	7.090708	498.7371	16.03923	0.145421	13.97241	70.539
14	1.661184	238.9158	25.259	1.19142	7.028037	31.3557
15	4.881845	578.2012	19.2652	0.463021	13.78125	69.4625
16	2.010402	380.5926	26.17761	1.103199	8.780702	66.4565
17	3.261086	373.3458	27.86748	0.690916	9.194444	60.5383
18	2.892725	355.1113	27.14999	0.542436	9.102857	32.6662
19	3.558887	684.9531	24.13514	0.055258	12.6413	20.6159
20	3.83654	652.6117	26.48089	0.729592	13.31481	74.4624
21	5.566481	586.4414	16.33036	-0.17316	14.3913	36.0642
22	5.902826	580.6607	18.56705	-0.37668	15.13462	58.7567
23	4.173494	594.1479	24.50114	0.449008	11.85714	46.7611
24	3.357138	478.678	25.86428	1.076913	12.53774	68.7421
25	2.735017	520.8407	20.35803	0.807979	11.66129	41.294
26	5.094365	462.5063	22.83803	0.782747	13.82119	71.42
27	7.681431	516.5333	11.74747	-0.05194	14.97674	61.2865
28	5.495747	520.7542	21.11133	0.546101	13.97101	67.1557
29	7.18307	482.6378	14.56895	0.408649	15.24561	95.9145
30	2.030871	392.3752	33.19001	1.441662	9.954839	88.2949
31	5.213469	598.7533	19.48146	0.608899	14.0596	70.7867
32	3.288542	415.6702	28.16738	0.922237	10.56458	70.787
33	4.242054	426.5679	29.91138	1.10637	12.04615	95.586
34	11.84867	401.6656	17.63445	0.554512	14.3815	78.741
35	7.223677	509.0893	14.74166	0.449829	13.61589	77.1507
36	8.735992	494.437	15.27387	0.197703	13.94595	63.4324
37	1.918094	388.5484	34.10944	2.009718	8.915493	70.1688
38	2.457988	437.2242	28.56649	0.844176	8.593156	68.4373
39	2.727329	422.1372	30.10965	1.111138	9.006645	64.9498
40	4.005375	514.7397	20.91046	0.828507	10.35211	59.4943
41	3.768587	497.916	16.4042	0.480202	12.12329	39.0753
42	3.149686	516.0605	27.57035	0.816252	11.66102	69.8977
43	8.559188	595.2943	9.105412	-1.12866	14.29496	18.4254
44	2.370351	416.9384	36.7493	1.242494	10.28928	65.9614
45	1.565782	398.8024	38.58022	2.193677	8.899471	87.823
46	4.19151	523.2536	23.80109	0.421538	11.5493	65.3724
47	5.218013	526.1007	21.77743	0.876286	12.28421	65.4498
48	4.29607	552.8537	26.63808	0.686097	13.15625	60.3759
49	3.331638	572.1351	28.06934	0.27351	13.23504	52.4419
50	4.272398	618.601	24.50242	0.384262	13.81081	60.5712
51	4.010682	599.1757	25.46115	0.541275	14.38147	67.7409
52	4.715727	673.2874	19.13919	-0.33343	15.13187	16.3428
53	4.663195	621.8875	16.64552	0.307575	14.48864	49.3006
54	5.317391	649.0211	13.22433	-0.48739	15.30952	8.345
55	4.697393	575.4334	20.11203	-0.07063	13.25472	68.1477
56	3.058476	449.7379	23.56709	0.816078	9.32	51.3851
57	3.831647	289.9073	16.63219	0.005957	9.876238	26.824
58	6.905732	558.9412	15.91953	-0.49261	14.69811	70.4988
59	5.285372	541.2078	22.97733	0.231376	13.43966	86.742
60	3.159671	363.34	27.92774	0.910623	10.96923	63.4051
61	3.849462	468.3291	26.08957	-0.02655	12.58889	32.1527
62	8.924538	542.7249	9.621087	-0.6558	16.01869	65.7839
63	8.371826	516.5036	7.255109	-0.19397	15.74324	66.4181
64	4.586716	431.3333	17.00059	-0.00229	12.54167	60.3608
65	7.045013	432.6313	16.26426	0.802463	12.24444	88.6599
66	4.958634	462.1674	18.93735	0.014701	13.5	47.5857
67	3.101346	482.0486	22.20349	0.403315	11.37909	47.4624
68	3.08597	419.625	21.81003	0.228874	12	43.8274
69	3.324805	394.8296	24.65816	0.451262	12.07752	53.7543
70	1.949752	220.4684	33.94624	1.718869	6.620588	57.6699
71	7.449886	576.7662	15.51132	-0.45939	15.4094	56.8567
72	10.05099	624.0268	9.267715	-0.83053	15.85115	48.8959
73	6.410947	648.3473	16.52369	0.094186	15.06579	52.9199
74	4.43137	513.2787	23.61974	-0.02903	11.95098	68.8838
75	3.336585	599.334	23.68777	0.216178	12.34307	45.5383
76	4.409924	384.7145	28.25634	1.273645	10.6028	64.2042
77	4.579183	631.0419	17.22722	-0.01739	14.28358	50.7707
78	1.900974	199.8725	37.73292	1.910441	6.07113	70.789
79	1.948996	212.4866	37.0143	1.804808	6.322404	69.5634
80	6.829785	657.2225	11.3634	-0.30093	14.78095	33.5341
81	3.990227	624.1455	23.8424	0.448226	12.74667	59.7997
82	6.738625	495.1559	15.33278	-0.05588	14.32639	79.9292
83	5.516729	587.414	13.15877	0.009718	14.20736	43.0104
84	4.331412	593.7018	17.00431	0.553011	14.94872	77.1243
85	3.822835	468.0189	19.76343	0.681311	13.89011	66.5322
86	5.906428	477.2713	14.39747	0.217637	13.93243	68.2788
87	5.737793	577.5327	15.12463	0.042481	13.53165	61.9924
88	4.60187	633.4172	21.86933	0.077857	13.85808	55.8044
89	3.81864	618.0631	19.04861	0.585577	13.32222	49.3787
90	3.889504	533.5144	20.80469	0.421153	12.4009	49.3859
91	5.06264	476.2478	20.05707	0.384087	12.17526	87.3176
92	4.353914	588.1743	22.44969	-0.15926	14.2406	30.6172
93	2.91457	524.6121	22.99	0.241427	12.81366	64.5198
94	2.140703	550.6	22.39119	1.541434	13.55	66.3937
95	2.607135	552.2882	33.40605	1.482166	11.41714	67.1854
96	2.851079	488.2937	25.96459	0.822641	10.83478	89.0656
97	6.170221	389.7644	19.83722	0.453304	12.40104	72.4032
98	7.129505	357.058	19.81829	0.274531	12.23237	73.8513
99	3.506724	493.629	26.31692	0.705068	11.64615	74.3882
100	1.88425	219.9161	34.61619	1.513951	5.892779	71.6908
101	3.092438	578.9571	28.51348	0.210191	10.81046	31.1505
102	4.253788	512.8856	20.00254	0.452778	13.70899	74.6211
103	5.20153	500.3636	15.42299	0.069954	13.54	78.5588
104	5.563664	541.897	16.93245	-0.09697	14.00599	55.5414
105	2.779595	477.8139	31.22169	0.918045	11.31915	53.5203
106	3.912908	543.3012	23.22858	0.180592	13.55172	47.0959
107	4.662558	525.9673	20.40085	-0.11754	12.78808	46.9263
108	5.586787	535.5023	20.84247	-0.40738	12.65574	31.2961
109	7.860063	539.9247	12.08986	-0.41515	14.92899	34.9197
110	4.85341	611.3818	20.08333	-0.18209	14.81633	32.8888
111	3.710512	579.1024	21.51105	-0.04515	14.2563	36.6791
112	3.828235	521.6481	13.55631	0.899234	13.33333	79.2887
113	4.882686	550.8286	17.42247	-0.0599	13.67606	60.7909
114	5.154667	572.9753	18.89937	0.284311	14.03604	51.7187
115	4.867973	558.3485	22.39382	0.226822	12.08308	57.6661
116	6.9679	537.3776	14.73402	0.273327	13.5	87.0747
117	4.505018	584.165	18.43167	-0.03854	13.66667	43.1438
118	4.489578	577.3944	24.22719	-0.69248	12.70732	51.5347
119	6.841301	577.6433	17.25104	-0.22856	15.03333	32.88
120	8.610708	531.635	8.061721	-0.94197	14.53947	46.835
121	5.410935	578.0549	14.50165	0.017712	14.00552	43.6238
122	3.433851	533.2123	28.71194	1.746178	13.01	80.3133
123	8.092518	674.3699	9.599299	-0.73324	16.12717	37.3849
124	2.901985	525.8125	35.31669	2.718696	12.18182	100
125	6.239117	588.6667	17.86909	0.060247	14.42975	91.7577
126	3.390692	622.0103	22.16427	0.490741	13.44361	49.5074
127	4.662385	605.4578	19.09244	0.027482	13.68116	41.5549
128	4.880107	611.3513	18.73527	-0.11981	15.12302	42.3098
129	2.626637	361.6163	28.19562	1.03031	8.623529	68.9723
130	2.564967	399.1994	30.77407	1.365735	10.15406	68.2397
131	4.239221	556.6646	23.17326	-0.01177	14.17582	62.6858
132	4.538585	542.7788	23.73354	0.559092	13.45652	81.2185
133	4.473021	532.6332	20.30066	0.30568	13.74914	71.0468
134	3.473927	580.2079	24.44282	0.417359	12.9171	56.9534
135	3.650159	550.2953	27.00404	0.872643	11.7439	52.8512
136	4.428542	585.4417	21.588	0.727165	13.4527	80.4183
137	4.458204	580.9179	23.11089	-0.3159	12.93243	36.3425
138	4.690768	576.8276	16.39995	0.215573	13.09091	73.8722
139	4.05552	627.6955	27.61949	0.72069	12.80488	77.1402
140	3.867773	637.7798	25.12795	0.548163	13.80402	55.2842
141	5.402241	605.0592	22.38883	0.444441	12.15294	72.2651
142	3.737383	618.149	21.85156	0.109471	11.85185	34.4358
143	4.295678	666.3915	20.55733	0.040605	13.85782	51.0728
144	6.042719	521.6453	17.26304	-0.39431	14.23009	58.7322
145	5.277929	591.6264	18.01342	-0.17432	15.04469	42.514
146	4.525203	679.8091	25.25788	0.074744	13.96528	36.8523
147	0.862857	231.0354	38.75368	1.913409	5.53668	49.3254
148	5.514043	528.6245	18.35792	0.000473	14.12609	60.8923
149	5.519804	602.8121	13.88641	0.188644	14.36364	63.1884
150	4.630601	628.0412	19.71065	-0.02393	13.93636	65.7668
151	4.606288	588.8272	20.84104	0.49596	15.22517	76.4295
152	4.678545	342.2913	23.51983	0.264524	9.547297	68.4867
153	4.46536	554.2801	21.10437	0.299097	13.62222	48.1124
154	6.845943	594.9281	12.24266	-0.0984	14.75	60.4972
155	2.834123	500.3185	27.53109	1.149828	11.825	71.5127
156	4.360645	510.4696	19.50959	0.430453	13.02899	47.9844
157	3.485278	491.542	28.93153	1.356841	11.36765	81.465
158	5.644784	327.492	22.38552	0.502841	9.910714	63.9051
159	3.781752	651.3408	27.04364	0.073012	12.5641	52.7707
160	4.659138	614.8313	16.81809	0.298559	14.05514	69.7039
161	4.167498	661.5893	23.54962	-0.08801	14.08791	43.2759
162	6.352985	516.8671	16.77556	-0.04416	13.98086	61.7855
163	4.872513	505.5422	18.1778	0.154391	13.37466	69.8921
164	4.497382	538.4822	22.10114	0.351818	13.9661	61.9329
165	4.013443	544.6344	23.13629	0.360936	13.84257	65.713
166	3.998549	528.4135	20.97918	0.37473	13.45455	59.0217
167	6.159105	503.5008	18.40144	0.373714	13.32787	57.1742
168	3.842177	537.93	21.441	0.158904	13.70714	42.4189
169	4.950301	519.9171	19.18588	0.293683	13	76.8372
170	2.54176	526.4913	22.65416	0.241541	12.25806	44.471
171	3.141495	526.6391	31.41274	0.481436	12.35714	31.2396
172	5.280955	487.8282	15.17811	0.52606	13.04545	85.2702
173	4.401959	482.2547	22.39166	0.510472	14.13333	78.8198
174	7.1069	530.1516	13.01042	-0.33894	14.4492	67.3048
175	8.579406	460.6364	13.46148	0.371578	14.46988	85.6641
176	3.502151	446.0666	22.15951	0.645516	9.747292	59.9185
177	4.115518	454.3696	19.99863	0.17291	11.38017	58.4756
178	3.671078	464.4526	21.89782	0.97522	11.02586	74.9597
179	3.090829	614.6118	29.89026	-0.08783	12.81818	0.0463
180	11.3254	550.3141	13.56337	0.377217	15.62288	77.5954
181	13.02796	592.6625	9.917634	-0.74466	15.84545	57.8372
182	9.903653	637.5259	11.54654	-1.21368	15.21849	38.0406
183	3.175723	411.2304	28.62827	0.834647	10.44828	67.9354
184	3.845235	432.6175	26.79344	0.390534	12.23077	37.6524
185	1.745742	218.1898	29.02137	1.315525	7.286996	45.0284
186	9.09778	689.8264	7.171513	-1.00337	15.44318	19.4058
187	4.027016	500.5616	21.73134	0.248024	12.66667	54.5537
188	5.014953	522.3843	15.00623	-0.36328	13.32836	42.017
189	7.774141	501.9123	10.2343	-0.25781	14.17391	69.7607
190	5.671642	508.0101	20.73908	-0.03534	12.69643	70.6738
191	7.732329	516.7413	16.84642	-0.01889	13.33929	59.3088
192	1.924622	227.3871	34.23001	1.275362	7.958333	36.5461
193	3.95869	494.961	19.15633	0.203372	11.93802	38.0769
194	4.199135	442.9287	21.31249	0.940976	11.62585	57.4613
195	3.602155	645.8309	24.8774	0.481824	12.67378	55.2655
196	3.773455	494.125	21.13772	0.461177	12.81553	50.1068
197	5.22722	574.6501	18.94897	-0.06392	13.71837	53.1911
198	6.219699	474.1758	14.48943	0.169043	14.27083	96.1891
199	5.546883	509.9789	20.06577	-0.17245	13.35443	56.571
200	3.565052	278.5461	25.18843	0.756239	9.289474	50.2401
201	5.491018	590.5342	14.21724	0.248914	14.86986	82.828
202	4.17167	655.4224	22.37542	-0.26415	15.31892	10.6267
203	4.247128	489.1595	24.2851	0.851408	12.05161	82.399
204	4.725541	643.8032	23.97815	0.395016	13.69231	59.8973
205	4.423102	657.404	21.95051	-0.09357	12.82143	24.5948
206	4.014645	555.9446	21.19322	0.272554	13.38494	57.0532
207	4.897687	630.9548	14.95976	-0.4284	14.89916	25.2923
208	5.279563	533.7073	17.47503	0.18759	14.43956	60.8807
209	5.601765	560.8613	14.4123	-0.11417	14.97222	54.5296
210	2.881933	492.7207	28.73613	1.020928	10.95385	86.2101
211	3.90931	492.6178	26.66169	1.065881	12.37778	78.0836
212	3.879277	551.001	25.34603	0.237846	13.31488	71.8112
213	3.042784	320.2669	24.61354	0.748695	9.77707	75.5474
214	3.167464	242.728	24.00349	1.383385	7.24812	66.6667
215	1.791598	237.7516	30.96289	0.803756	6.425197	20.6658
216	6.553756	545.7898	20.42659	0.14645	14.06271	61.9851
217	6.635399	461.3084	8.923001	-0.24584	13.76667	47.6626
218	4.797151	561.4776	22.06467	0.442923	14.02655	65.7677
219	2.989664	324.4598	28.68151	0.749746	9.212121	68.0501
220	5.195342	473.4562	22.28936	0.359271	12.571	47.4109
221	6.52511	428.5709	18.21782	1.094155	11.55844	97.7487
222	4.374245	514.9106	19.99165	0.14843	14.55	56.0715
223	4.398734	497.9854	20.58774	0.577618	13.0852	56.8585
224	3.970437	513.8852	23.21958	0.10859	12.79605	25.9153
225	3.86606	487.2362	21.78449	0.321095	11.66929	56.1126
226	4.022413	528.6047	21.98628	0.135375	12.30435	75.7843
227	4.129848	505.4513	26.64201	0.975039	11.925	66.0006
228	4.115855	464.8264	22.2706	0.706357	12.22083	79.9855
229	7.293879	515.9874	8.312128	-0.4919	15.84821	56.9768
230	3.407733	515.9802	22.61236	0.794868	11	72.4618
231	3.462432	528.1317	24.1064	-0.42877	12.94444	25.7173
232	5.078234	527.1815	19.69852	0.094332	13.04396	67.9238
233	7.918324	483.7627	14.5192	0.021853	13.1125	81.3515
234	3.175377	487.7517	22.64718	0.63972	11.01404	51.464
235	3.777019	553.0342	22.59491	0.129639	12.92903	51.8195
236	4.295533	528.7296	23.28297	0.328096	12.98089	64.8235
237	4.823566	588.7808	19.42823	0.421048	14.91597	68.6268
238	5.06268	629.8011	23.86856	0.312992	15.35211	58.9788
239	6.090209	483.7309	17.10156	-0.40434	13.49123	56.0858
240	5.324382	559.4581	21.2299	0.709568	13.69412	52.7499
241	4.866743	622.1016	21.34206	0.069517	13.29583	57.5485
242	5.11104	360.4595	23.49184	0.266629	12.21667	55.9963
243	4.162803	629.3717	25.76219	0.533649	14.41481	84.1327
244	0.950686	185.6732	37.56424	2.534649	3.990775	63.2879
245	0.947161	198.5747	38.73848	2.306207	4.698163	60.5082
246	2.725396	234.7861	23.81437	1.248365	8.371274	61.9691
247	3.7012	235.1624	33.20612	1.997993	7.645669	93.2375
248	2.964886	525.7833	27.11651	2.306569	11.26667	86.0601
249	6.179337	541.1684	14.99914	0.936324	12.41026	89.6416
250	4.254022	610.419	24.75928	0.074829	13.61265	52.9839
251	7.713769	586.9254	13.49187	-0.68304	12.97674	56.8376
252	7.544834	556.7677	12.84129	0.797242	13.77778	99.0361
253	4.386148	324.8786	16.78776	0.026039	10.46497	38.9736
254	5.37235	563.7312	22.84709	0.229797	13.08772	75.752
255	2.824194	469.2313	25.52411	0.410311	13.03727	50.0629
256	5.382274	752.0334	18.50857	0.017386	15.71348	49.2992
257	3.700661	754.4474	25.77006	0.107307	14.46457	34.9704
258	2.873725	402.1092	21.34488	0.711723	11.38832	74.9991
259	3.205112	466.9138	22.98684	0.227711	12.71212	43.0004
260	3.056903	417.8112	16.62685	0.807508	12	51.7925
261	3.321491	373.989	23.08496	0.827778	10.41637	82.0232
262	2.0523	418.5031	33.1672	2.016868	11.07143	99.9994
263	2.728883	367.7143	27.87365	1.098002	9.897436	99.0112
264	3.388524	389.0046	34.71405	1.603353	9.114754	87.4743
265	6.492079	434.6024	17.84577	-0.80002	13.40909	50.9791
266	11.87931	416.8855	14.77023	-0.27133	12.94737	78.4838
267	7.462405	488.351	14.51098	-0.50684	13.66964	81.3502
268	3.105943	485.8381	24.29206	0.630373	12.98982	57.9435
269	4.126453	575.7341	24.98989	0.766349	11.67188	64.5436
270	5.742888	573.8897	22.17631	0.572339	13.14085	74.8692
271	3.387275	438.5856	21.49495	0.648891	10.89571	55.4015
272	4.551284	439.6178	20.99053	0.698921	10.60504	48.2986
273	3.691114	449.3268	22.952	1.086926	9.98659	75.0922
274	4.156592	445.6817	23.02778	1.137584	12.14286	98.8487
275	4.10409	615.3632	19.42843	0.206779	15.6166	52.1523
276	5.186148	583.7378	18.69382	-0.52551	14.95745	54.0904
277	5.356442	298.5418	19.00366	-0.04428	10.93822	48.6478
278	3.983888	554.3991	19.80227	-0.0521	13.32258	66.7312
279	3.885672	554.3694	21.93555	0.341661	12.64886	57.2998
280	5.928386	536.6118	21.02936	0.040469	14.15929	52.4859
281	4.465181	700.4338	19.90667	0.300882	15.38315	44.4886
282	3.649058	669.3846	26.94119	1.106163	14.75758	98.8583
283	5.260544	707.0647	18.23327	0.108395	16.05172	62.5315
284	6.284815	588.742	15.52843	-0.19333	14.93035	54.691
285	7.561405	529.9278	20.30125	0.101523	14.75926	96.5791
286	2.289989	525.3294	27.47215	0.672508	12.82051	51.6657
287	3.108029	363.1701	16.98891	0.079637	9.957895	12.7976
288	5.271575	586.1434	17.57013	-0.47835	14.37821	29.3787
289	3.501819	546.5652	19.19817	0.501494	13.4	63.1653
290	0.715908	179.9341	36.90033	3.194801	4.148825	84.2993
291	3.597544	653.1058	26.88799	0.610337	12.44311	58.0115
292	5.606903	610.0423	17.30201	0.008029	15.10784	49.4483
293	3.88279	603.1936	25.44664	0.313751	14.30882	66.7337
294	5.233071	604.6053	22.89628	0.600489	14	74.5561
295	3.751262	490.2023	19.2956	0.082586	13.05833	44.5536
296	4.420921	330.4108	24.75054	0.243536	10.48913	52.2293
297	5.175823	315.7362	19.55607	0.358857	12.07763	75.147
298	5.225069	565.7177	18.28317	-0.22892	14.44271	37.2955
299	5.357152	430.3464	18.60299	0.631369	13.78022	46.62
300	5.461399	416.0438	12.52409	0.45151	13.10256	75.9081
301	3.876738	451.1898	19.83535	-0.07148	12.35106	25.19
302	4.433763	427.2068	16.24667	0.531623	11.92424	61.9339
303	5.223563	446.8962	15.92961	-0.54973	13.31579	33.8185
304	6.44921	420.2115	15.92637	0.328691	12.90805	54.1118
305	6.614109	530.7092	17.83059	-0.03486	14.27928	57.9182
306	5.02602	596.553	20.54681	0.180001	14.60393	59.1734
307	3.022975	582.6478	28.0696	0.905703	12.6	71.0096
308	1.460611	225.0227	37.12244	1.730971	6.024096	62.2216
309	4.322689	512.6849	23.09015	0.014714	13.59794	51.3202
310	6.364106	459.2662	13.82401	0.257194	15.13415	68.876
311	6.124024	683.4169	13.67646	-0.42291	14.42021	37.9387
312	4.529061	574.9966	15.93519	0.477084	14.09146	64.0432
313	2.654623	502.4384	26.7089	0.63336	11.35838	55.4315
314	3.991635	563.767	16.84704	-0.19729	15.02174	36.2569
315	5.140017	447.9714	9.727653	1.058975	13.45098	100
316	5.06392	567.4975	19.08591	-0.26562	14.16667	41.8902
317	9.349324	421.1417	14.897	0.157381	14.73986	62.65
318	2.55588	418.4191	31.46327	0.88076	11.37017	57.9128
319	1.96086	424.817	27.52192	0.899641	10.2807	59.4367
320	3.658334	599.7195	24.40766	1.007345	11.47541	77.632
321	4.561461	709.5242	19.84385	0.120854	15.49291	49.4235
322	3.049501	343.949	20.63815	0.37744	8.968912	36.2679
323	3.367943	256.3518	22.01018	0.776283	8.72	49.6151
324	3.564676	271.9004	25.17005	0.647106	9.45283	70.0691
325	5.710617	543.1861	19.23913	-0.3316	14.00709	61.2763
326	4.30474	542.9284	15.8471	-0.28612	14.8	27.7227
327	4.70464	570.5029	19.25623	-0.08241	14.6875	42.53
328	3.34775	354.6805	27.8385	1.155738	9.130058	60.0677
329	4.451119	532.8671	18.30415	0.190878	13.82675	69.8144
330	3.565516	514.1362	25.26422	0.872635	11.09848	83.8393
331	3.326917	518.6756	24.6618	1.150466	14.26733	83.4431
332	5.939737	542.979	13.67914	0.211987	14.18045	74.0289
333	4.702766	567.0985	23.1036	0.213374	15.02609	51.0324
334	3.457307	544.3816	20.69981	0.415362	11.22807	68.4863
335	3.912955	560.5249	29.0416	0.375658	14.07018	47.8399
336	6.117091	561.0763	21.34946	0.049495	15.30556	76.7698
337	8.211763	531.8774	12.20119	-0.67083	15.01163	41.45
338	9.296797	482.9371	14.44666	0.087259	14.89655	61.025
339	2.911134	487.2233	23.19594	0.563699	12.5	44.0591
340	2.067446	461.5175	23.68774	1.128785	9.902778	54.5504
341	4.986678	639.3284	20.87677	0.327716	14.21756	88.9346
342	6.817552	571.0951	19.3326	-0.49661	14.79104	52.7709
343	2.984485	455.6228	25.38973	0.88809	10.86316	71.1263
344	5.826867	492.7018	14.49371	0.516956	12.33696	70.5371
345	4.40272	487.1967	18.42168	0.844692	11.38362	90.4477
346	6.392826	496.4104	12.72768	-0.29522	12.57258	51.1356
347	4.288372	469.8756	18.39126	0.325271	13.37838	61.2509
348	2.72796	231.8208	26.49083	1.228071	8.268949	65.9827
349	1.571289	227.5964	33.29662	1.2256	7.140187	78.8198
350	2.597863	241.2839	27.27382	1.145378	8.825095	76.7079
351	5.461632	578.6681	21.96506	0.669079	14.92537	86.5752
352	4.487097	584.5045	21.46264	-0.42677	15.32787	33.4937
353	2.994506	404.9694	29.99315	0.852111	9.557621	59.1867
354	3.069888	382.9147	30.24406	1.132896	8.675926	60.137
355	6.233673	600.9312	19.8332	0.37424	13.43939	91.312
356	6.514488	580.892	20.72347	0.403038	13.33333	77.5463
357	5.189061	636.0057	16.93692	-0.4543	13.09278	44.0471
358	3.871939	644.0615	21.57675	0.956743	13.02941	66.116
359	1.205877	182.9216	41.19376	2.44405	4.514349	59.3384
360	5.792993	461.1752	14.30025	-0.11262	13.76364	43.925
361	6.50604	411.1756	11.39549	0.394925	11.02857	83.5635
362	0.859575	193.5144	36.08826	2.452899	4.936688	61.2532
363	3.826377	541.8909	21.5563	0.500658	13.29126	33.0735
364	5.901309	519.7126	17.87634	-0.44881	13.93878	36.4744
365	4.246971	504.1059	17.69334	0.614542	12.32308	54.1704
366	3.309634	413.4429	27.06402	0.889243	10.21453	68.8139
367	7.130694	439.0764	12.34198	0.260641	14.2069	67.9513
368	4.092508	539.0269	28.91252	0.474922	11.89655	36.6304
369	4.314649	519.1887	20.70084	0.293196	9.444444	60.2211
370	1.419023	190.1544	36.94927	2.192943	5.568406	59.2097
371	4.7841	592.1692	21.95872	0.487432	13.63014	81.8039
372	4.64685	646.3899	23.06927	0.025827	12.86897	59.4176
373	3.51258	543.8936	21.58856	0.245896	12.704	63.4269
374	3.297755	563.771	26.3901	1.233505	14.45205	85.7589
375	4.920745	557.0354	19.13371	0.167524	12.9538	51.0198
376	7.083833	601.5148	17.42597	-0.702	13.85106	14.3335
377	4.383597	600.2414	18.90963	0.278236	13.66667	25.5395
378	5.052772	512.6528	26.61289	0.865646	13.32	78.5534
379	4.742295	561.9694	20.81599	0.177388	13.58644	49.1565
380	4.650432	582.8808	22.2628	-0.08734	14.69444	49.1274
381	5.163721	621.6054	25.41724	-0.35474	13.69048	37.1566
382	4.081469	629.353	25.75711	-0.02276	13.0814	53.8827
383	7.119684	501.0985	16.4044	0.119214	13.62069	60.4512
384	9.493391	559.4825	7.99078	-0.79423	15.80645	60.5962
385	9.77121	517.3825	16.33375	0.257755	14.14	94.7412
386	5.234841	576.9494	21.11756	-0.05414	14.92513	71.839
387	3.047682	656.7698	27.68598	0.813242	13.58031	58.7908
388	4.890619	609.2116	20.8417	0.617479	14.15663	66.0602
389	3.53706	641.1607	24.68353	0.401927	13.73529	57.0733
390	4.083627	516.5813	22.43765	0.270536	13.14228	64.143
391	3.373521	569.9514	25.29363	0.702529	14	51.7593
392	3.879086	491.2161	19.10539	0.249153	11.00633	60.2964
393	4.320366	658.9751	22.48445	0.029867	13.14943	59.5857
394	2.80393	476.3628	24.96337	0.556428	11.74468	51.3236
395	5.759402	443.3406	22.36066	0.316577	13.09172	66.8723
396	4.27592	627.5127	18.78116	0.166761	13.98315	62.8363
397	2.034883	239.4449	24.56579	1.166209	7.259109	48.4594
398	4.917109	578.2245	19.27634	-0.32463	13.785	35.6712
399	4.479221	513.8109	22.2245	0.838889	12.70199	71.2723
400	4.590809	575.1277	21.35708	0.067851	14.27358	49.0128
401	4.373186	501.5392	21.13913	0.53203	12.52209	72.8876
402	3.481709	474.2614	25.85493	0.678836	11.4697	73.608
403	2.635336	491.5303	27.1434	1.093939	11.42403	67.764
404	3.598714	529.3239	21.24205	0.727951	12.52414	68.9935
405	3.716115	545.8973	25.46004	0.584118	14.31658	72.2342
406	5.272047	352.1962	23.91817	-0.01133	11.16389	33.3242
407	3.802616	597.1885	21.78088	0.317493	14.40503	58.3267
408	3.518874	658.6229	24.4542	0.235247	13.71429	54.422
409	3.725597	595.5818	20.47855	0.321509	14.86275	59.6814
410	3.556386	559.9316	24.43076	0.728079	14.59302	54.0034
411	2.101721	435.2734	28.13454	1.524793	9.33547	75.8527
412	2.77939	449.727	26.86744	0.026311	10.67391	43.434
413	1.982517	199.5304	31.86521	2.165116	6.951724	64.8467
414	4.544964	463.676	24.03388	0.388735	10.25455	64.5636
415	9.586267	635.2568	9.724314	-0.4803	15.34513	49.4325
416	3.405856	543.8373	27.03956	0.135172	13.88235	32.6066
417	7.600657	473.4148	15.36524	0.072834	13.75248	78.1262
418	7.503331	432.0986	13.27844	-0.13965	13.40201	58.99
419	5.802275	509.0557	18.70902	-0.21112	14.06579	60.0734
420	4.65058	558.4027	16.94538	-0.29838	14.57831	22.3606
421	5.529367	428.1187	17.76268	0.889078	10.82243	80.1019
422	4.328573	485.2991	23.72428	0.605139	11.42957	63.6857
423	3.809374	525.65	23.68333	0.068176	11.89855	51.5377
424	3.339409	540.3617	23.56672	0.91417	13.39286	83.8144
425	6.053792	407.5748	18.5675	0.853648	12.9	74.5665
426	5.698458	391.596	18.90321	1.315008	12.54286	66.0052
427	7.570659	454.521	19.43371	-0.07762	13.81818	34.3138
428	3.662417	398.6546	24.36836	1.074082	11.14085	73.5223
429	6.901554	563.733	17.6219	-0.31713	14.35965	67.8603
430	3.06061	362.8042	25.86728	0.584667	9.789954	44.8396
431	4.982357	572.2748	22.01675	0.342788	13.64151	69.2183
432	3.055673	241.0096	22.35302	0.346764	8.022989	64.4698
433	4.555303	251.2677	21.10475	0.267741	9.370079	72.2418
434	4.810032	591.3891	23.04044	0.309886	15.03101	78.6112
435	6.592472	421.9902	17.60141	0.029174	12.6092	80.0572
436	4.148094	514.0686	24.2313	0.849593	10.3183	77.7526
437	5.981287	506.882	20.47079	0.353994	10.91111	75.275
438	5.204913	547.2614	11.2346	-0.03325	11.91837	54.2401
439	5.147852	547.3626	17.16883	0.819519	11.47826	42.1358
440	4.687751	503.0717	24.1547	1.217579	11.73016	80.2734
441	4.902633	521.8571	23.05311	0.292979	11.60606	55.971
442	4.942786	556.6869	22.91173	0.361059	13.92593	67.2582
443	4.548256	672.4901	21.30856	0.014627	13.89958	56.309
444	4.26119	502.4533	16.81155	0.61512	14	69.7284
445	3.05292	487.3828	27.40874	0.59171	12.77465	54.2968
446	11.2258	572.6903	9.202567	-0.28698	15.44595	70.8869
447	8.685796	564.0486	15.06106	0.183368	15.30709	77.789
448	8.894414	598.6484	12.98774	-0.39732	14.79104	68.7007
449	10.96581	636.1361	8.688755	-1.00867	15.04545	59.8356
450	4.50808	497.2544	21.53603	0.516239	12.46914	74.757
451	3.986613	540.1803	23.98035	-0.01499	14.26563	31.8077
452	3.534933	601.2047	24.37265	0.092072	12.83019	37.681
453	3.379036	488.0747	27.03837	0.374338	12.2349	56.2018
454	3.956137	553.6019	25.76054	0.065623	13.28972	43.6926
455	1.700265	209.464	32.6507	1.259486	6.493776	38.1469
456	6.257233	689.684	13.82143	-0.59857	14.81739	44.6005
457	3.59983	602.2698	27.46846	0.571264	13.38255	57.7453
458	3.927888	566.7757	28.05585	0.318975	13.91031	37.8916
459	4.981829	590.8116	21.28206	-0.09396	14.09091	50.0887
460	3.633333	284.9016	22.54763	0.376391	10.36416	53.6106
461	4.873686	705.3579	18.81148	0.859929	13.01274	90.3734
462	5.642995	710.5	14.66263	-0.9766	13.26923	1.1885
463	6.23834	765.7067	16.70857	-0.94072	16.07778	26.8903
464	4.460451	652.998	18.33884	-0.16185	13.34965	29.2206
465	3.934391	597.3087	23.11845	0.173472	14.49327	34.3321
466	4.410336	650.701	28.28902	0.775393	13.36364	96.6992
467	4.990927	717.1301	17.8825	0.02217	16.09694	41.0873
468	2.8461	578.2899	20.33988	0.706637	12.83333	63.8672
469	4.660063	571.4039	18.12359	0.235266	13.78218	49.3427
470	3.72477	507.545	21.9032	0.818491	14.05085	49.9927
471	2.991696	527.8253	27.49699	0.808191	13.28125	53.0768
472	4.057118	520.1467	20.49228	0.07031	15.07143	31.3283
473	4.416771	608.7651	22.57137	-0.07586	13.81301	41.0968
474	5.748751	571.4868	16.76059	0.027817	13.92628	70.1566
475	8.447879	524.287	7.558462	-0.15467	14.83051	81.8492
476	4.524739	580.464	20.01146	0.365926	12.16271	68.8535
477	4.64769	595.6593	20.67757	-0.12757	13.76279	35.2837
478	3.209909	490.7674	27.0124	0.638238	12.54494	46.1131
479	3.466184	491.6603	29.86135	0.226909	11.15038	57.6308
480	3.777369	451.0125	28.70784	0.217848	10.43871	63.3006
481	3.233953	444.4627	33.89443	0.203373	11.25	52.4091
482	7.628041	519.0455	12.07415	-0.49153	14.98844	47.4394
483	3.817054	631.4473	28.99364	0.61182	12.18182	76.8522
484	3.010535	454.4439	18.70186	0.789685	11.60317	60.8297
485	5.348525	522.0416	20.0374	0.425192	13.53704	54.8633
486	4.780793	425.9437	18.66002	-0.12193	14.97554	47.4852
487	5.070253	719.0727	17.38642	-0.15021	15.47619	43.6003
488	6.934786	497.3886	18.06306	0.702525	13.50218	80.6039
489	5.825307	541.9177	14.97862	-0.35806	14.54688	50.2315
490	4.582141	537.5889	18.24899	-0.27667	13.37313	22.1005
491	3.637996	562.7063	23.71701	0.490563	12.87444	40.4391
492	5.669277	586.6739	14.67582	-0.20907	13.15094	90.8537
493	5.106915	602.5045	18.75525	0.160363	13.94343	60.9615
494	5.75285	575.9068	23.27567	0.289036	13.66667	66.4438
495	5.451016	582.7619	25.08026	-0.10071	13.26667	71.2976
496	4.209436	538.4839	20.60997	0.444816	12.91582	62.5519
497	3.318968	500.531	24.36577	0.116142	11.69231	63.6147
498	3.529932	510.2687	23.59865	0.474093	14.13816	66.5742
499	4.339573	546.0038	19.51715	0.018402	15.94444	44.1647
500	5.727672	452.3511	15.80879	0.202857	14.31765	58.3941
501	4.059347	528.1924	16.5939	-0.29066	13.47059	51.0749
502	3.566111	545.655	22.97262	0.372196	13.84	65.8196
503	3.110751	506.5281	22.48626	0.398618	11.89565	40.1743
504	4.54893	485.8171	17.95646	0.330168	12.67442	69.8659
505	4.664905	507.0246	22.70921	0.203886	13.01754	63.3305
506	4.12088	506.6397	21.60635	1.561336	12.81481	91.9234
507	4.303164	487.5805	24.76824	1.386554	12.61194	95.7231
508	4.203315	535.6789	23.19131	-0.21665	14.02979	25.8044
509	5.039567	563.243	19.204	-0.14332	13.29688	44.0711
510	3.338253	531.3365	24.94905	1.031846	13.44048	60.3446
511	5.024457	558.1693	19.93914	0.191868	13.35632	68.0633
512	4.197776	576.2402	21.68256	0.020858	14.11111	32.3541
513	4.360257	442.8435	27.06899	0.943825	10.80313	54.2528
514	6.090717	290.2269	20.13669	0.028531	11.45455	61.3256
515	6.580782	312.7159	17.59534	0.109076	12.06771	59.4039
516	4.082925	446.7561	27.17633	0.580664	11.32346	56.8937
517	13.96691	557.9333	7.691174	-1.58208	15.85714	6.2788
518	15.36067	455.55	12.58685	-0.26322	16.16471	72.6409
519	14.41458	446.7437	9.673255	0.198649	16.05	85.4415
520	5.360852	566.7425	19.90538	0.223834	13.43922	80.5275
521	4.254279	527.239	23.20792	0.398332	14.29932	52.8781
522	4.68059	454.7489	20.14273	0.299925	12.25753	53.2565
523	4.966088	522.518	20.86609	-0.07294	13.45652	61.9058
524	3.600455	560.147	29.35129	0.44696	13.04878	46.9603
525	4.846483	548.0907	20.21246	0.048923	13.72845	62.1329
526	5.003166	436.3899	27.32533	0.630641	11.98889	73.7015
527	5.312803	504.2899	17.30825	-0.15885	14.47872	52.6141
528	4.524962	519.6094	18.29514	-0.24774	13.46939	46.4709
529	7.671897	459.6473	12.64412	0.233134	14.02941	87.6309
530	3.971956	520.5253	20.29468	0.356014	12.81855	73.5335
531	3.964001	549.7933	27.38966	-0.0978	13	37.1308
532	4.462756	544.1415	20.58945	0.138413	11.58772	51.1735
533	4.932775	463.6184	23.67804	0.185976	11.56291	65.8995
534	4.814305	418.4034	17.9504	0.147168	13.14286	54.2126
535	4.587491	433.9037	18.62448	0.366503	13.02542	61.0504
536	6.064213	406.9425	15.15782	0.624207	13.19048	63.6056
537	3.575591	426.5836	14.31113	0.684409	11.83784	53.4274
538	2.312919	401.7076	30.92697	1.033238	11.3	65.8344
539	2.865865	382.2049	23.37529	0.454804	11.65347	41.1301
540	5.436212	538.4351	23.04847	0.390684	14.82178	70.6316
541	3.243787	472.2955	29.05826	0.64348	11.52555	58.8375
542	4.627858	458.3217	21.61896	-0.06107	11.94382	40.1234
543	4.186768	422.3491	20.26566	0.303692	11.30169	57.7845
544	5.904134	409.7708	23.82835	0.970061	14.83453	62.9656
545	5.788796	502.8811	26.10329	0.669062	13.63636	60.2863
546	6.137274	503.3604	18.06357	1.018174	14.07547	67.5856
547	4.910019	528.6742	21.47671	0.128619	13.61111	53.7104
548	5.109479	517.5049	17.06402	0.58212	14.30909	85.1452
549	4.949725	500.085	17.70616	0.246078	14.62319	57.1938
550	3.662505	491.0505	27.72744	0.578657	13.57692	76.261
551	6.455034	552.2422	13.00351	-0.48282	14.46875	15.0507
552	4.381577	461.4075	19.05897	0.489789	13.09302	81.4456
553	2.862235	451.6905	25.45146	0.055514	12.29412	40.328
554	4.189988	470.5307	20.66697	0.420115	13.0625	70.1449
555	10.03817	671.2532	8.763102	-0.94889	15.77459	32.0321
556	5.363602	526.0804	21.02913	0.540624	13.175	76.0817
557	4.267653	561.3921	21.62205	0.144789	13.15774	57.9965
558	5.589248	597.545	17.59218	0.101747	14.20561	67.1004
559	3.691877	518.94	22.63325	0.280993	14.20625	44.7468
560	3.365373	347.6437	25.56008	0.831873	9.708155	73.8452
561	3.178002	326.8964	26.11334	0.918068	8.598425	76.3427
562	2.094753	445.1222	31.4992	1.422289	10.65263	75.5218
563	1.314192	210.7798	39.7483	1.817279	6.28821	54.3701
564	4.608058	500.8912	17.88665	0.581883	14.57937	65.8566
565	4.45072	622.3983	20.10386	-0.26605	14.9798	34.7322
566	4.371906	489.1941	20.51867	0.4073	14.28571	47.6039
567	5.867259	490.6938	19.69288	0.217328	13.36398	58.5556
568	2.781172	341.0041	27.25466	0.822256	8.708738	84.1637
569	6.009973	528.3408	15.71459	-0.33201	13.61905	89.7742
570	3.963356	536.9518	22.74899	0.468142	12.40316	59.2881
571	5.914251	663.1964	16.96747	0.415167	14.92208	71.7797
572	5.279449	672.207	19.4694	0.259076	15.88108	62.2333
573	2.586882	544.6132	28.65883	1.042884	12.75516	67.1642
574	4.747721	485.9307	24.68085	-0.003	11.98276	28.8001
575	3.884422	600.5209	24.7213	0.576051	14.00877	58.2125
576	4.026168	479.8148	24.46516	0.568431	12.06533	61.0288
577	2.955293	224.3505	32.73763	0.558061	7.254386	94.4728
578	2.92616	307.0471	28.07789	0.391049	7.957547	49.8908
579	5.33352	691.1826	18.36671	0.352606	13.49545	60.512
580	3.102903	532.1127	25.22182	0.999274	13.04132	70.9069
581	2.914119	478.0566	26.77285	0.392278	12.28333	37.8252
582	3.489025	484.6092	24.08728	0.110557	13.23077	58.5322
583	4.596655	470.2203	24.09319	0.653329	11.19298	68.2424
584	7.292894	649.7167	10.78293	-1.03927	14.65385	1.8864
585	2.930586	244.3132	28.86232	1.107489	7.89071	67.9118
586	3.845781	545.268	15.86597	0.000413	14.41739	24.0878
587	5.37926	423.1978	23.06309	0.093074	13.77442	53.9403
588	4.650381	515.8737	19.52179	0.155171	11.92593	57.363
589	2.106922	526.8163	41.90623	1.207471	11.40741	78.1129
590	6.267452	419.965	16.81773	0.158551	11.69565	59.2737
591	1.95395	215.9861	28.75978	1.944221	7.69375	47.6569
592	3.383108	611.6275	24.36805	0.177777	12.52941	25.6302
593	2.1639	655.004	33.46984	0.749109	13.47887	36.9397
594	2.238881	456.1676	30.34901	0.253385	12.05435	13.6085
595	5.264302	470.8237	20.24248	0.713811	12.76667	70.768
596	3.523408	535.9054	27.31402	-0.05135	12.65	32.4227
597	3.82508	542.3914	22.02952	0.444623	13.35745	65.3196
598	4.791457	295.6856	19.5876	0.313001	10.875	0.5239
599	11.33281	517.554	12.35472	-1.27818	14.62162	61.5819
600	8.545988	560.6923	13.88402	-0.62439	14.35714	51.9126
601	12.22702	572.4991	10.78945	-0.76051	16.25786	44.1902
602	2.458592	452.8725	29.51151	1.294881	11.62626	61.4889
603	3.629052	500.8896	24.99306	0.38247	13.9187	43.973
604	5.768284	635.6061	17.68717	-0.00026	14.33152	69.1469
605	6.229831	606.8602	19.34984	-0.55925	14.65882	38.8183
606	3.43363	493.4229	25.19051	0.54651	12.19915	71.2015
607	2.929818	467.0761	30.23379	0.793711	11.63158	72.1175
608	2.670565	463.4678	26.60976	1.299895	11.80488	48.9561
609	4.236248	476.9658	18.07598	0.752354	12.94444	94.2153
610	7.165983	338.6459	20.02872	0.49043	10.65241	56.3511
611	3.824173	609.9091	26.37105	0.961911	12.66667	59.7709
612	6.106134	455.2671	13.341	0.336191	12.01333	97.91
613	4.69857	428.6424	16.1855	0.642203	12.52083	87.8367
614	2.634844	484.919	27.23907	0.847175	10.55	70.8641
615	4.842708	530.4225	22.75471	-0.00307	12.54717	43.2128
616	6.111668	601.8166	18.5082	0.030267	14.56923	63.9987
617	4.271061	657.4909	21.35387	0.510887	13.60326	67.3851
618	5.880547	523.2952	18.32313	-0.12849	13.71264	61.2352
619	6.415089	587.8261	13.4778	-0.36968	14.2439	36.3479
620	6.659299	569.2197	17.45571	-0.95246	14	11.1938
621	5.032803	497.173	24.21173	0.310854	14.32143	54.8213
622	6.11233	473.5425	26.34535	-0.20308	13.05172	71.3267
623	8.542907	511.6026	11.25927	-0.29053	15.25581	74.6362
624	5.509215	434.3677	23.75251	1.061339	12.44516	90.1774
625	4.458421	454.3423	16.85041	-0.07045	13.08197	71.354
626	4.327084	582.4406	20.0205	0.193297	13.09524	58.2477
627	4.90314	654.7037	18.06397	0.087885	14.50676	56.9412
628	4.246447	637.2768	18.88162	0.20869	15	52.5753
629	3.326384	496.2209	21.50886	0.563617	12.58854	50.14
630	3.060188	467.2133	23.22492	0.993305	10.2233	90.2943
631	3.709444	593.7713	20.88028	0.081969	15.45	23.6124
632	3.741791	547.9381	21.25007	0.973952	14.29661	74.3028
633	3.977907	591.522	20.48019	0.142426	14.48305	36.3906
634	6.156627	513.149	18.14194	-0.09854	14.20561	42.3479
635	5.61365	450.4838	16.70558	-0.18273	13.26744	49.6409
636	4.530849	431.0161	24.55193	0.92789	11.61765	66.0817
637	4.904098	469.6021	23.47471	0.472484	14.2	31.1045
638	2.509551	492.7653	30.62047	1.372762	11.86486	71.1385
639	5.486872	657.4596	15.10137	-0.02348	14.19209	54.8908
640	5.28296	697.875	13.83975	-0.49217	14.28571	32.1157
641	5.673761	684.4706	16.40402	-0.2256	14.52239	59.1812
642	7.492211	663.7089	14.58594	-0.12447	14.7044	59.299
643	3.120938	573.5759	32.987	0.918601	11.24675	74.9693
644	1.241314	218.6338	37.36259	1.781332	4.446771	71.2132
645	2.256862	474.7135	28.64746	1.233561	11.14554	75.5176
646	2.787109	422.208	30.30237	0.777285	11.21875	49.6285
647	6.500424	496.4688	10.42289	-0.0897	14.56	86.1979
648	4.722708	540.1743	21.09463	0.230231	13.41057	52.3116
649	3.996276	483.6972	28.02803	0.871316	11.86466	80.3113
650	4.44575	494.3023	20.52233	0.594039	13.41414	82.2289
651	4.880193	623.9054	23.32342	-0.06219	15.40517	46.8923
652	4.192025	441.6023	26.28849	0.450622	10.96729	54.4443
653	4.959055	479.3249	19.55279	0.146111	13.64286	68.3246
654	6.076241	504.3086	17.90922	0.499995	12.02007	71.5845
655	3.649794	505.8017	19.42758	0.925106	10.16418	69.936
656	4.675765	503.7647	15.14215	0.826762	13.06522	82.8106
657	4.880757	543.4355	21.06744	0.421414	12.17647	97.0606
658	4.298588	586.5059	16.49121	0.281676	14.26384	66.0562
659	5.672293	650.1446	14.82075	-0.63452	15.21429	34.4488
660	3.386329	466.7685	25.93597	0.626357	10.4251	46.9416
661	6.365488	388.9654	21.83777	0.446035	12.67742	54.8043
662	1.158857	235.5871	35.36292	1.821385	6.255255	52.8097
663	4.003625	592.8459	19.85637	0.07984	13.60987	38.3241
664	5.267944	519.2601	20.08082	0.044394	13.30245	59.5858
665	10.76886	473.4974	8.821326	-0.5823	14.75472	25.137
666	6.961158	429.2226	18.74481	0.047248	12.76471	70.2981
667	6.750067	441.3154	14.57908	0.061085	14.63889	53.7382
668	2.579022	391.6569	34.33901	1.883724	11.45349	99.1188
669	10.29697	515.3758	8.451339	-0.52799	15.31461	67.4319
670	5.579231	548.5043	15.92522	-0.23984	13.3481	44.0585
671	9.957608	498.2323	11.66965	1.311856	12.48148	95.2054
672	4.049068	656.0436	19.94051	-0.04097	14.07772	48.6357
673	3.197303	640.5912	24.15325	0.264996	13.76667	42.204
674	3.419539	562.5201	30.25701	0.084938	13.64773	38.4012
675	5.694098	515.3132	16.68957	-0.11947	12.4152	65.2504
676	4.667732	521.6815	18.52803	0.142936	13.3	42.3517
677	4.784595	483.3319	22.07842	0.859906	12.96825	79.79
678	4.29575	525.8554	19.43944	-0.23843	13.94203	15.0673
679	4.722667	529.6882	17.90663	-0.36343	13.05921	21.9529
680	2.875478	380.2853	27.07468	0.368754	10.97785	59.2126
681	3.053968	583.9752	29.97788	0.578417	11.72043	40.8738
682	2.02746	358.6054	31.64993	1.118404	8.353846	56.9206
683	1.996216	479.7089	27.62324	1.06254	10.53333	72.1189
684	2.025875	466.0165	30.57677	1.3914	10.75362	95.8625
685	3.736763	528.6155	23.85212	0.65754	12.77315	66.6844
686	3.207485	513.9377	23.68085	0.721417	12.43421	63.0968
687	5.857694	567.1333	16.14919	-0.13255	14.70968	89.895
688	2.986285	525.7086	27.52629	0.546096	12.22111	62.3082
689	4.87772	600.4804	22.54205	0.447308	12.83077	70.7697
690	4.168257	551.0592	24.91249	0.533505	13.53876	74.1573
691	5.01663	554.4111	21.18583	0.245313	12.33333	70.8077
692	4.754372	643.7744	23.95023	-0.13541	13.92353	55.7849
693	5.819781	609.8178	16.12199	-0.29951	14.04839	54.7299
694	3.174499	480.5427	19.07545	0.741644	12.02609	42.3099
695	2.938893	462.8105	21.52501	0.764416	10.9037	64.2864
696	5.159072	625.2911	25.32125	-0.18968	14.10204	5.3549
697	5.0497	527.0979	19.01314	-0.39067	13.47009	23.7662
698	3.422531	325.3826	22.91549	0.355491	9.239691	49.2681
699	4.890414	656.5531	19.5474	-0.24701	14.15934	54.717
700	2.374897	391.1154	27.04135	1.011062	9.137755	70.0654
701	7.129694	637.9468	17.38495	0.280391	14.3038	56.3578
702	2.432058	250.0048	26.07099	0.993143	8.379172	58.8067
703	3.716268	298.6346	16.64195	0.32413	9.739837	54.1595
704	5.498114	621.9643	13.60056	0.137681	15.08621	61.4835
705	3.770196	512.5086	28.59016	0.663761	10.98477	78.7517
706	4.1398	469.2246	25.39986	0.885786	11.73684	61.1909
707	5.015384	462.981	21.15088	0.444848	11.11173	65.9658
708	5.48164	511.8923	19.22419	-0.12432	13.23684	56.4598
709	5.931428	523.7763	21.72715	0.823409	13.13636	86.3952
710	2.621209	459.0118	27.94155	1.313281	10.8363	77.8961
711	3.484662	609.0651	22.8553	0.780814	13.41304	74.3663
712	4.790532	597.7041	20.39501	0.190345	13.67361	68.0925
713	3.204375	576.6281	24.10112	0.782988	13.73611	67.543
714	5.789516	357.6771	19.80048	0.637552	11.63878	77.2765
715	2.511672	274.6661	21.20223	0.433148	8.179012	28.7192
716	2.594007	540.7074	29.09481	0.600581	12.47134	30.0055
717	4.32464	557.6801	26.70134	0.159843	13.49791	42.1751
718	2.79536	527.6486	32.53221	1.04671	12.07339	66.046
719	9.761434	509.0299	12.18502	-0.3417	15.06154	53.8239
720	3.849547	613.8483	21.21123	0.458417	14.15444	63.6637
721	2.343831	460.7227	27.96444	1.018665	10.0398	55.5371
722	5.225178	307.9348	18.76223	0.557919	10.85584	44.4251
723	7.684911	285.9231	21.01994	0.202117	10.15294	69.1582
724	6.004792	482.3576	18.87663	0.350276	11.82927	92.0243
725	6.53561	629.6662	17.55732	0.286785	15.96144	74.8388
726	7.552253	614.1132	15.11216	-0.58779	16.45926	54.0852
727	2.213224	344.4538	27.78893	0.910718	8.566265	55.3438
728	6.924285	545.4322	14.49511	-0.86743	14.41228	10.2957
729	9.128536	454.9174	10.10718	-0.0909	14.18852	61.9673
730	6.934163	435.7892	12.60563	1.265421	14.20968	97.2626
731	5.012278	583.6846	17.47298	-0.17017	15.4881	31.644
732	6.761541	623.2658	20.43079	-0.47366	15.12121	50.5067
733	2.906466	519.9437	30.38882	1.20829	13.24299	74.7593
734	6.118887	574.7801	15.5544	0.32476	14.14407	58.9543
735	3.683641	560.6715	23.15475	0.286007	13.08654	55.2901
736	3.239879	494.5345	22.14967	0.506978	12.22397	48.9278
737	4.704749	565.0178	23.02286	-0.21661	14.65333	55.762
738	1.417476	237.1446	32.40925	1.300198	8.184874	49.8286
739	3.455939	585.8861	24.99204	0.256999	14.34091	28.5997
740	4.913932	412.0747	27.19094	0.858491	9.333333	90.9955
741	5.598416	413.6148	21.48433	0.789571	11.08444	77.1687
742	2.882988	472.6266	29.18877	1.037943	10.72444	67.7178
743	2.585127	458.7609	30.77158	1.190647	9.97006	67.1697
744	1.223759	221.4608	35.00616	1.749839	6.223529	87.2156
745	2.330078	517.3237	28.22756	0.770639	12.75556	21.9959
746	2.379785	522.6787	29.5757	0.602127	12.75238	54.2887
747	4.769921	292.3687	13.1763	0.233323	9.70922	56.1074
748	6.5819	586.1263	15.70566	0.523783	13.30189	79.502
749	3.951403	540.1484	26.77746	0.486948	13.00503	56.846
750	4.852763	521.6957	29.34902	1.291244	12.96154	88.4394
751	4.661053	614.0464	21.12934	0.415618	14.65471	87.239
752	2.317648	468.2755	31.39393	1.36396	12.11111	97.8339
753	4.248413	525.006	23.50822	0.073851	12.28261	49.0065
754	3.715074	547.5273	26.75102	0.714569	12.85634	75.875
755	3.107041	566.4161	27.25463	0.264072	13.25316	36.3775
756	3.570356	664.919	25.01853	0.197581	12.56849	41.8886
757	3.659989	578.7699	20.94441	1.014802	12.91122	67.8784
758	4.059893	561.6116	21.19945	0.749839	13.05096	68.9144
759	4.849065	569.2065	19.30674	0.353455	13.07556	55.4707
760	5.374143	684.5061	17.82263	0.000534	15.09949	55.0415
761	4.629953	448.3696	15.63337	0.798514	11.776	62.2939
762	5.083562	540.4513	23.64988	0.257856	14.33621	89.5262
763	3.621526	443.4306	22.16516	0.783955	12.65449	87.0775
764	2.858325	398.9751	31.18452	1.225704	10.55455	73.5848
765	3.578851	453.9639	22.67192	0.30094	12.76667	61.3732
766	4.715163	595.3297	21.39168	0.214296	13.89313	50.8833
767	3.942868	594.5461	24.50969	0.795131	13.26374	57.5001
768	3.490576	439.1047	26.61256	0.618347	11.91667	51.0748
769	6.014705	681.4193	15.11726	-0.13825	15.24348	50.6453
770	5.373763	639.9128	18.2254	-0.0185	13.01042	62.722
771	6.056514	697.0917	14.90343	-0.29498	14.56354	54.7509
772	2.508036	505.2588	32.25827	0.350737	11.54717	44.7141
773	2.937878	446.5202	25.29659	0.490869	9.427419	59.6795
774	1.602378	430.1413	36.00112	1.589206	10	74.857
775	2.605141	465.082	27.52497	1.075501	11.72098	72.035
776	2.379411	560.7844	33.15711	1.188971	10.28	74.0774
777	11.71133	631.1526	9.710158	-0.67077	16.02521	63.7595
778	5.474961	644.3684	16.28714	0.087993	13.69919	54.4178
779	2.47075	244.6397	27.44985	0.90462	8.53719	72.7809
780	5.057645	279.1533	18.60824	-0.07532	10.31092	57.2279
781	3.880844	542.0688	20.40689	0.216343	14.87255	53.5013
782	4.436681	518.1308	23.53484	0.288984	14.28205	66.2265
783	7.810366	688.8275	13.49011	-0.71281	15.63918	34.2313
784	2.632735	238.6857	28.10706	1.553367	8.239852	57.1501
785	8.197543	598.2332	16.17034	-0.15315	15.37736	53.3005
786	4.442381	634.0023	19.42047	0.037242	14.26891	22.1114
787	4.325553	601.7301	20.38127	0.210013	14.64794	56.7461
788	3.649003	554.2899	25.14852	1.303118	13.01695	76.1734
789	3.642054	560.2093	22.43139	0.957388	12.75676	62.7609
790	3.004278	405.9096	30.71977	0.743664	8.674757	45.3725
791	2.977229	469.8801	24.53598	0.509334	12.47647	58.212
792	2.377033	419.7229	31.16943	1.942996	10.06504	91.4991
793	2.827672	436.6976	28.19889	1.219455	12.4322	80.2686
794	5.28792	421.2787	22.11501	1.503994	12.13208	75.3449
795	4.331453	416.3213	26.2164	1.697646	11.15152	95.3573
796	3.909986	439.8594	22.04928	0.930818	12.575	77.8059
797	3.226476	435.2154	22.19682	1.442381	10.28966	79.4351
798	4.888888	519.4405	14.87609	0.295024	14.01563	69.7913
799	4.644825	513.5213	18.68212	0.442448	12.82955	75.6822
800	3.166965	378.1295	24.61476	0.864813	10.64803	76.7324
801	2.738007	223.4025	26.43805	1.013184	7.477273	59.5222
802	2.384939	223.7415	31.03634	1.186117	7.346899	56.3145
803	4.164289	530.9886	17.78864	0.188956	12.66327	58.9116
804	6.254242	570.6667	15.74126	-0.75731	13.47059	40.2331
805	5.735199	549.7166	18.20883	-0.0196	13.46584	66.5827
806	5.083455	576.2751	16.62784	0.236144	13.94828	73.3299
807	4.616353	581.3682	21.87921	-0.18254	13.68519	33.0752
808	3.777668	530.3171	22.7908	0.375352	14.79167	57.9264
809	4.992618	623.2282	17.84998	0.209682	14.81481	61.3707
810	4.642604	630.0188	20.22775	0.238474	13.20192	40.5949
811	4.474402	526.2054	23.95518	0.428845	13.22745	61.0756
812	4.862887	582.6753	18.38643	-0.37222	13.64341	34.6138
813	4.460849	502.5615	18.19021	-0.403	13.03797	13.5275
814	6.480781	481.0486	18.52231	0.329825	13.02721	76.7386
815	3.472037	505.8102	23.11977	-0.17497	12.42188	37.1804
816	5.446413	433.6071	23.76624	0.099609	13.19497	58.6452
817	3.917784	640.7224	23.31346	0.408498	13.57895	57.5256
818	4.601681	620.3083	19.51995	0.384905	13.26481	72.2707
819	2.881468	509.3327	20.8984	0.687295	12.04762	63.5075
820	4.106789	627.1212	22.61631	0.172617	13.58333	54.9973
821	4.635998	567.5219	22.46748	0.427043	14.51656	60.6154
822	4.990692	481.5842	24.23474	0.286779	12.22905	71.4647
823	6.100517	419.2141	26.29973	0.769721	13.2069	73.8283
824	3.329447	528.9508	26.39823	0.841529	13.13592	83.5441
825	3.580869	540.2238	21.87116	0.565261	12.62963	58.4352
826	6.283939	473.741	15.17981	0.059285	13.06316	79.3238
827	3.018052	507.7169	25.78941	0.857	12.54098	48.444
828	3.295919	535.5597	28.37364	1.170352	11.81696	59.8851
829	2.722739	564.8485	31.67602	1.039842	12.06522	64.2677
830	3.765064	646.1091	25.34344	0.114931	13.8439	47.3683
831	5.717668	560.0909	15.96398	-0.77956	15.11111	50.1751
832	3.864317	524.4633	21.14903	0.072407	13.82432	72.1443
833	5.81459	541.2304	15.87855	-0.24501	14.70909	84.2644
834	4.092312	468.6073	23.12725	0.40961	12.10667	70.2326
835	4.692816	566.1504	21.50464	0.170053	13.67647	74.7374
836	3.621493	570.7132	19.4988	0.196353	13.86813	53.0587
837	3.004858	590.2026	29.18892	0.089344	13.70769	24.1476
838	4.77893	531.5322	20.99778	-0.18342	14.39375	32.857
839	4.175369	567.1151	20.85539	0.154871	12.04978	49.0815
840	2.011221	483.7668	28.49582	1.269129	11.28824	81.3867
841	4.686664	542.3943	18.63316	-0.03576	14.20588	36.8383
842	4.466568	627.9081	21.40395	0.025207	14.71429	40.4951
843	5.088462	532.4829	19.20197	0.339412	13.28839	55.7264
844	4.21524	635.7791	27.2646	0.859688	12.61458	83.1496
845	3.578246	403.5857	27.65442	0.455769	10.56391	50.8039
846	5.535005	592.6922	17.73682	-0.24635	14.89305	59.7859
847	5.547873	542.4	22.08538	1.005967	13.29167	99.6644
848	6.610393	489.5969	10.84141	-0.12032	13.6338	74.866
849	4.409243	641.6387	22.41958	0.124928	15	43.1329
850	3.315429	660.3054	25.13146	0.001854	13.70769	32.0765
851	4.525362	652.7617	21.21897	-0.1242	14.30189	56.0973
852	5.061984	596.6216	23.01545	0.0151	13.82449	54.41
853	5.409377	631.7013	14.64968	-0.22659	15.12644	40.9763
854	5.296138	603.3898	18.62052	0.082023	14.30769	46.3372
855	4.243885	534.8231	19.52572	0.553173	12.58114	73.0665
856	5.897448	467	21.64627	0.926628	13.83333	79.4648
857	5.465625	527.717	18.68183	0.285335	13.1745	46.7134
858	4.792247	617.403	22.03804	-0.07644	13.82927	58.7857
859	3.69368	457.4666	24.58023	0.93456	11.24157	71.9028
860	2.584655	272.4144	25.93533	1.050511	9.450382	37.5683
861	3.973076	579.2248	22.70135	0.690172	13.46721	81.3132
862	4.064443	511.5242	20.07312	0.183579	13.54464	58.5871
863	7.321547	625.8925	15.14862	-0.67858	15.45455	48.0932
864	7.530238	599.8321	14.56258	-0.50764	15.64	87.4253
865	3.531411	563.7683	24.4317	0.616648	13.65269	73.5419
866	5.302063	616.0992	18.91584	0.004263	13.82639	53.6884
867	5.412966	457.1205	17.15003	0.254328	13.36634	78.8862
868	5.9768	440.3486	25.27697	-0.37186	12.77966	74.1312
869	4.865054	595.9958	19.924	-0.06332	14.16418	55.2831
870	4.450362	531.5699	22.64813	1.242708	12.88889	76.6532
871	5.494199	291.2763	21.85756	0.655688	10.28966	57.9471
872	4.328424	467.2616	20.92185	0.305839	12.11656	55.342
873	4.209868	672.3797	26.06773	0.083053	13.41667	68.6239
874	2.735397	638.122	27.271	0.456727	11.75439	50.3133
875	4.655792	685.7231	25.02093	-0.19168	13.45455	10.7492
876	3.676714	632.2129	22.80019	0.580882	12.46771	65.8973
877	2.504692	624.8097	31.22499	0.755167	11.5	40.1971
878	3.904045	620.867	24.89949	0.066877	13.25926	32.7938
879	3.46917	627.5328	24.72179	0.053876	12.93506	50.4824
880	3.922194	565.244	20.0546	0.334273	13.86458	47.4595
881	3.550462	580.8689	22.47174	0.197039	14.19022	43.2993
882	4.067386	631.6107	17.9113	0.775646	14.79661	72.4031
883	4.013738	617.6806	23.3543	0.036512	13.84043	40.6646
884	2.986641	464.8374	29.02123	0.343811	11.7963	42.3353
885	3.1767	463.2572	25.89002	0.448307	12.30588	57.4981
886	3.004768	438.3239	33.77716	0.70693	9.973684	87.4971
887	3.478311	453.0019	24.87548	0.617989	11.51333	63.0825
888	4.818019	431.1744	22.13176	0.516287	11.51064	87.0024
889	3.317134	583.772	25.29439	0.216938	13.63131	41.5437
890	9.344952	410.7274	18.36709	0.679004	13.75145	76.8883
891	6.509629	570.2824	14.19445	-0.49651	15.9881	55.7255
892	9.406719	375.0603	18.94212	0.081378	14.51546	62.4931
893	2.504856	454.3368	29.03088	0.345018	12.9441	44.3254
894	3.443548	537.1206	26.45475	0.681395	12.93333	68.8143
895	5.389338	465.7151	17.67716	0.462532	12.22458	57.238
896	4.442073	469.6145	22.64214	0.934887	12.80556	69.2439
897	2.972468	564.2042	31.11192	2.08663	12.48936	98.4952
898	3.034197	317.3551	19.26124	0.346774	10.00862	12.6184
899	3.265807	664.7077	25.89996	0.601668	12.21481	49.0109
900	2.827889	478.535	23.34916	0.296942	12.4881	34.0792
901	3.558223	442.9967	20.2892	0.712061	11.1988	68.8634
902	4.445525	510.4063	20.63666	0.358974	11.8192	63.8033
903	3.676414	629.1873	26.6279	0.799013	14.70833	55.0198
904	4.223725	635.9704	23.77941	0.512853	15.65198	55.0788
905	3.261953	599.8409	24.51193	0.363936	12.75214	47.5292
906	6.076909	493.8246	18.30854	-0.26157	13.05495	68.5939
907	4.819219	506.0276	15.84385	-0.3205	12.60674	52.896
908	4.573005	628.3599	20.58161	-0.07006	13.72619	33.8693
909	4.14636	435.2568	29.208	0.960391	13.41975	59.649
910	4.902945	497.2055	18.16768	0.1818	12.71014	61.9333
911	5.808486	548.0571	18.84245	-0.41785	13.51563	74.6674
912	6.491816	553.0227	14.46876	-0.21671	14.54074	58.4757
913	4.417065	596.499	20.67684	-0.1497	14.19424	45.9572
914	2.991888	468.1672	29.4915	0.707524	11.78261	32.4578
915	1.730069	228.0931	27.83485	1.251575	7.12381	35.6936
916	2.621769	202.8802	36.85932	1.065631	6.02807	64.4896
917	4.711637	631.0018	21.44251	0.383676	13.7074	73.6849
918	2.762983	390.6364	30.07842	0.239431	8.732394	49.9778
919	4.687177	581.1595	24.95053	0.275786	14.38393	58.8638
920	4.064592	581.3523	20.18778	0.480721	12.85149	89.6416
921	5.14642	615.1068	18.81924	-0.12254	14.32468	48.7228
922	11.69679	513.2231	11.09494	-0.77912	14.96262	75.5316
923	12.93986	562.5931	9.723942	-0.48691	16.4	57.0628
924	9.035476	571.6142	11.45009	-0.72834	14.84914	45.9912
925	5.472625	518.1198	17.68143	-0.1297	14.35616	36.6508
926	5.006467	537.6207	16.39554	-0.16997	13.37647	52.0151
927	1.588663	214.0643	31.4697	1.633239	7.455556	72.6044
928	4.652528	514.1056	20.9206	0.225528	13.6747	55.593
929	6.166674	529.6476	17.12797	0.024991	14.14925	65.004
930	2.651993	669.8784	26.43501	0.546505	14.17391	57.5012
931	4.064266	647.7721	21.38274	0.088094	14.46569	48.3298
932	3.639934	404.4097	24.84354	0.427925	11.72396	51.1156
933	4.516793	492.4986	19.93236	0.44163	12.89691	70.0003
934	5.845227	487.0221	18.27537	1.780968	11.5303	93.299
935	6.666867	504.2733	13.4138	-0.36964	13.32	57.9817
936	2.816729	571.7131	24.44276	0.586903	13.53191	32.3055
937	2.568077	462.0542	24.31987	0.924366	10.38776	83.9432
938	2.028816	336.9014	26.93692	0.758752	7.969697	49.1593
939	4.552829	597.1968	20.03689	0.102215	13.29825	48.9792
940	6.028653	455.6292	18.31759	0.63092	13.48819	71.951
941	6.055968	448.7477	18.16596	-0.06008	11.90217	58.3871
942	7.715773	474.9906	15.81663	-0.06091	13.04545	69.6078
943	3.681217	443.0205	28.51803	0.611302	10.53563	60.3668
944	4.04905	425.987	25.87772	1.799155	10.26042	82.3943
945	3.631396	466.489	22.6845	0.617585	11.25532	70.5896
946	6.964792	497.3559	21.486	1.260019	12.61111	99.95
947	3.962411	542.2787	18.49736	0.543968	12.60494	82.5158
948	4.670419	597.5778	19.20718	-0.22166	13.86667	44.1075
949	4.30253	595.5245	17.37592	-0.46699	13.20225	31.7698
950	3.032538	472.0811	32.31051	0.446363	11.74089	43.6612
951	5.700872	412.4515	24.33034	1.121303	9.725275	94.5606
952	5.797161	659.9962	19.23282	-0.22016	15.1713	50.6719
953	5.095909	491.484	16.14005	0.223861	12.73248	48.1098
954	2.803433	464.737	24.38865	0.752069	11.80808	41.1341
955	4.303898	532.769	18.9902	0.280732	11.90909	63.494
956	4.702823	588.8975	21.31533	-0.01148	14.78947	59.7053
957	4.333445	552.4156	28.15949	0.36091	13.23301	59.7012
958	4.821024	551.1571	22.40487	0.604282	14.10448	72.3799
959	3.975492	518.0016	25.65219	0.861668	12.14286	74.0249
960	5.078257	531.7072	21.44373	0.158536	12.03356	77.9923
961	3.477272	465.6507	25.21211	0.696058	12.1762	41.3671
962	8.062846	604.1201	14.09985	-0.35301	14.59	79.0757
963	5.434032	515.8195	14.83147	0.120857	14.64474	49.9687
964	4.62758	527.1679	16.90457	-0.13	13.66667	52.258
965	6.228159	639.9084	13.60691	-0.19256	15.00926	48.2064
966	6.067635	590.4629	13.15257	0.128527	13.87826	69.7181
967	4.130123	537.167	22.12914	-0.12867	15.104	37.515
968	2.776605	636.9308	30.81068	0.464568	14.73052	40.0583
969	3.776651	543.61	23.87125	0.523361	12.33871	67.9461
970	4.829168	556.2969	22.76439	-0.14379	12.35115	56.1953
971	8.810589	524.4315	9.970409	0.507434	14.48387	68.8304
972	5.519636	591.7903	21.14416	-0.35569	14.45902	32.0341
973	3.318588	456.058	25.15392	0.895458	10.67883	56.1951
974	5.607748	571.3223	18.20744	-0.2121	13.21196	50.6612
975	3.228918	552.3256	22.17337	0.357266	13.69072	46.1677
976	5.9406	532.9393	18.68724	1.05766	14.1375	80.411
977	3.023618	493.3634	25.40407	0.277934	12.98291	24.0046
978	2.761385	479.4548	25.46648	0.737546	11.03297	59.8537
979	7.195453	543.0556	13.08305	0.184752	15.46	67.5742
980	6.364417	620.5893	12.81393	-0.41688	16.37681	33.1353
981	2.439023	323.8839	27.42588	1.129027	8.172414	87.0806
982	3.96409	324.4917	23.71517	1.029274	9.167969	74.7824
983	4.61801	584.4823	20.05927	0.45208	13.00578	62.2804
984	5.805884	590.9613	18.4903	0.157762	14.23708	54.8449
985	4.836255	492.4977	21.19605	0.007367	13.59218	61.1655
986	3.587575	543.1762	23.59767	0.605726	13.62555	70.9795
987	4.603375	737.4856	21.72346	0.082849	14.5	37.2105
988	6.262658	746.7119	12.79847	-0.72987	13.74556	28.4822
989	4.753335	744.2695	19.99167	-0.37397	14.24762	27.8655
990	5.538081	527.5628	17.79437	0.147682	12.98477	56.5222
991	3.225275	366.9231	27.28734	1.0472	9.523529	70.6386
992	5.851962	375.1084	20.18152	-0.112	10.54275	67.0465
993	3.580857	576.5224	25.83353	0.282772	12.24204	59.4355
994	10.17937	555.4184	11.84573	-0.3591	14.73214	88.0817
995	7.150801	633.2554	11.84638	-0.66851	16.15054	47.1734
996	7.633393	591.1154	11.6516	-0.66365	14.81481	69.2749
997	4.857476	615.5273	20.04178	0.039336	14.30556	53.6219
998	6.300663	626.2901	14.95126	-0.38827	14.47482	41.665
999	2.601952	426.2035	33.00608	0.975339	12.06268	58.9104
1000	3.325824	610.5295	24.96141	0.4608	12.90833	56.7133
1001	3.499359	514.5425	19.3651	1.310041	12.47368	93.3412
1002	5.460098	526.5945	16.33971	0.323557	14.02264	87.4851
1003	4.250056	560.7256	16.32068	-0.02138	14.06897	48.7949
1004	4.102971	548.4806	21.60595	-0.66415	12.54286	40.476
1005	5.040992	588.1226	18.20881	0.226723	14.65347	69.1619
1006	4.149453	557.3738	21.37784	0.605292	13.5027	73.2328
1007	5.725557	542.2236	13.54549	0.128251	12.12676	40.9179
1008	5.8773	546.2468	16.02809	-0.44793	13.27778	85.0048
1009	5.895285	519.8839	20.12666	0.107015	11.88696	66.9904
1010	4.587863	546.7335	23.03989	0.39306	12.89167	66.168
1011	5.114792	525.7932	21.38747	-0.34317	12.16438	49.5222
1012	4.603391	554.4092	21.92209	-0.07319	12.54515	49.4978
1013	5.351673	594.4358	16.09845	-0.1357	15.05405	39.8881
1014	4.205118	532.5153	20.48539	0.076491	13.71	39.4536
1015	5.221927	293.7183	26.17055	0.36597	9.831776	53.866
1016	5.098688	635.1656	20.2355	-0.11833	15.45522	46.3477
1017	7.761461	589.8143	12.76786	-0.55715	13.69128	63.7737
1018	6.856731	568.316	16.71056	-0.78333	14.98551	30.1201
1019	4.681909	625.5194	21.78851	0.269218	15.15924	76.1108
1020	3.65628	568.7323	24.36318	0.621144	14.58442	68.3881
1021	2.927251	485.9011	25.63821	0.553432	13.94231	27.8495
1022	3.710156	273.4672	26.52256	2.013667	8.881356	78.8268
1023	5.877328	557.228	18.14633	-0.07848	14.18182	76.5358
1024	4.615474	551.7528	17.45806	-0.0187	14.08974	37.3709
1025	5.849052	691.8253	15.74738	-0.3455	17.27749	59.0722
1026	4.181765	510.4733	20.14741	0.710755	13.47009	58.4328
1027	5.92585	533.4935	16.82433	-0.13843	14.77358	76.2245
1028	4.145054	574.0277	21.17878	0.20638	14.5	57.5506
1029	3.997656	602.8837	20.62995	-0.09727	13.58537	21.686
1030	4.271395	626.7568	20.47498	0.146749	11.81481	68.8093
1031	5.914432	657.6493	20.94512	-0.07176	15.96277	51.373
1032	5.680089	552.9042	17.5278	0.184057	14.17176	80.1484
1033	5.256637	558.2929	13.55153	0.617444	13.46154	72.561
1034	5.465635	592.5114	18.97124	0.074305	13.38596	64.7343
1035	4.206707	504.7506	17.35851	0.511576	12.11475	60.7844
1036	5.70979	696.2066	17.19795	-0.51793	15.03814	23.6238
1037	2.570598	578.0811	28.18697	-0.16309	11.9	56.7001
1038	4.875556	591.1861	15.62444	-0.29282	14.78947	22.9397
1039	6.596608	544.6766	18.1546	0.353007	13.32536	81.2479
1040	4.797215	472.6385	20.46624	0.970964	13.59055	86.3973
1041	4.024937	478.5819	24.19382	0.334268	13.10031	51.7308
1042	3.188915	649.4827	30.1718	0.746176	12.9898	40.508
1043	3.889949	441.5806	23.97819	0.441257	11.92989	35.6576
1044	4.96162	589.5589	19.04906	-0.00746	14.12796	53.3666
1045	3.836831	545.7846	22.50176	0.308092	14.08939	44.3519
1046	3.884306	553.422	19.86638	-0.07469	14.35338	27.0647
1047	3.532522	556.6917	22.87592	-0.0482	14.57143	23.1805
1048	6.657856	491.186	20.48972	-0.05699	14.27389	63.0867
1049	6.583238	522.9951	14.17067	-0.52244	14.37931	23.1006
1050	8.872319	503.4192	13.36334	-0.75734	15.08333	31.3031
1051	3.38446	481.6667	22.07977	0.198158	13.25	29.648
1052	5.23543	456.3965	18.17909	0.010098	13.60929	57.616
1053	5.608176	467.5073	19.12826	-0.07161	13.95588	56.8262
1054	4.528651	597.5535	14.31051	0.326684	14.14428	56.9725
1055	5.567322	544.0725	17.02167	0.502618	13.78571	93.2226
1056	3.367829	256.2396	23.89877	0.536189	8.69145	63.7674
1057	5.928463	730.4971	13.74585	-0.33599	14.7437	46.1755
1058	3.970683	567.0389	27.67958	0.558469	13.06417	75.2952
1059	4.860774	583.8142	17.23785	0.295913	12.90173	65.7232
1060	12.74682	496.2977	9.351877	-0.77606	16.18293	82.1675
1061	13.73207	506.948	6.877924	-0.94843	17.06957	87.7083
1062	2.456705	341.0942	22.7564	1.219256	10.13861	90.6725
1063	2.353899	312.0116	23.71874	0.976762	9.075	84.0789
1064	2.282295	344.2687	18.02346	1.006564	9.789474	57.4718
1065	2.996564	369.7909	22.61509	0.700835	10.2625	72.2058
1066	4.371177	385.6448	28.6264	0.246361	11.70803	60.4081
1067	4.758957	546.3713	15.35141	-0.04453	13.26316	62.0144
1068	4.934437	591.7723	18.79811	0.003902	14.12351	44.43
1069	4.332557	505.0851	18.54331	0.55451	14.04861	84.9244
1070	3.988082	383.6618	21.91782	0.324616	9.417391	58.3311
1071	4.430056	394.8616	24.50012	0.414465	12.03663	51.4639
1072	3.396781	503.1273	24.84803	0.572993	13.56637	47.2351
1073	3.067477	493.1836	22.97123	0.237737	11.32911	62.1166
1074	4.383817	466.9915	20.57683	0.596107	11.45361	69.4813
1075	2.633422	499.5196	23.14406	0.484702	11.52439	64.4268
1076	5.697162	627.7037	15.93727	-0.86573	15.29231	14.6327
1077	2.900258	564.4714	26.90597	1.67832	12.60256	95.1956
1078	2.50654	588.1605	28.29419	0.031729	14.51429	6.2574
1079	4.214898	596.4446	20.20131	-0.07629	14.89542	28.9239
1080	2.365446	467.5335	26.83765	0.960901	11.52532	61.6565
1081	3.997033	603.504	24.18147	0.757444	14.55714	88.2772
1082	5.176909	562.3303	22.43122	0.781314	13.07813	80.9697
1083	2.31295	199.064	30.02702	1.52784	5.848837	60.1472
1084	2.508621	220.7193	28.96522	1.193464	6.533333	62.063
1085	3.738793	506.998	25.05991	0.544919	14.03521	60.4972
1086	4.919272	526.1507	19.43588	0.029666	14.38095	45.2111
1087	5.55034	621.7833	17.80631	-0.00764	14.54213	52.1341
1088	2.563502	475.2225	35.9835	0.479547	11.23846	34.2972
1089	2.820473	454.0393	30.76021	0.675608	10.3617	49.1349
1090	7.524109	732.8516	10.49898	-0.59996	15.19178	39.1584
1091	6.119843	648.3034	14.55749	0.108158	14.02564	53.878
1092	6.668168	674.9194	12.06032	-0.17036	14.90678	56.3691
1093	8.365133	649.2857	16.00786	1.099656	13.6087	100
1094	4.185027	548.7236	26.91101	1.42716	14.63429	71.5546
1095	5.594416	438.7751	22.87676	1.234709	11.83761	85.5724
1096	10.30011	617.434	9.523325	-0.76067	15.43662	66.088
1097	6.314011	562.977	18.20546	0.402005	12.93396	58.3931
1098	5.32441	528.2043	19.78758	0.285972	13.68657	88.4953
1099	5.018712	605.4384	20.50811	-0.14446	14.80606	47.499
1100	3.895842	440.2023	26.06116	0.594993	12.53061	69.3888
1101	4.59295	673.6217	22.24112	-0.00256	14.26941	45.3953
1102	2.99149	599.1895	23.17279	0.944009	13.19861	83.9582
1103	6.592108	554.9048	17.88726	0.307826	13.38255	94.2457
1104	4.380442	603.0663	20.79081	0.189881	15.04146	51.2379
1105	4.030061	578.167	20.02031	-0.18087	12.85366	10.9665
1106	5.490047	428.3342	25.33219	0.308572	12.47685	65.8855
1107	2.324341	448.3313	31.59816	0.59354	11.17391	65.1139
1108	4.658436	435.4754	29.87192	0.573182	12.23474	57.8085
1109	4.531832	482.3708	23.79773	0.4139	12.25	58.6393
1110	4.617098	510.5365	18.18264	0.236375	13.14785	50.8752
1111	4.512424	638.3464	25.85863	-0.00044	13.29907	54.1673
1112	3.36681	617.5336	24.12225	0.732367	14.11151	62.4908
1113	1.977914	204.3131	33.77682	2.323715	7.642045	61.7853
1114	3.71199	533.2471	23.96517	0.055911	12.74016	59.8154
1115	2.104896	223.1536	29.50067	1.342802	6.894737	53.3449
1116	1.630659	203.2138	37.16345	2.158424	6.428082	80.1257
1117	11.69529	572.9186	9.864613	-0.33172	15.40741	87.1834
1118	4.658105	496.3406	20.67157	0.937879	12.34375	86.7638
1119	2.678217	526.526	35.11649	0.507898	10.13571	41.8364
1120	3.128569	508.6763	26.28247	0.362992	12.71053	72.4093
1121	2.708501	497.9776	29.02886	1.076131	10.14141	76.4005
1122	3.199559	606.2311	25.44534	0.311105	12.84018	40.5905
1123	7.394337	456.4789	16.76199	0.627232	13.68919	97.1282
1124	5.294476	489.7751	20.18564	0.39424	12.32164	79.9004
1125	6.706396	468.1458	17.0989	0.187857	12.49231	62.2229
1126	6.458353	469.1796	14.22775	-0.22669	13.24444	66.1176
1127	6.118858	501.239	18.44365	-0.01902	12.41538	54.1058
1128	4.200152	576.3053	18.2904	0.096899	13.66667	43.5327
1129	5.188414	599.4593	17.99428	-0.62599	14.40708	33.0572
1130	5.178864	370.8322	21.35401	0.785087	10.81287	79.8434
1131	4.489979	473.6298	26.31866	0.832315	11.80531	80.3409
1132	3.821733	502.9767	22.796	0.734658	12.91429	71.4837
1133	2.813775	494.9686	34.47177	1.406998	11.36916	90.3624
1134	4.066271	495.377	21.57011	0.260607	12.88426	49.9641
1135	5.694894	593.7664	16.50421	0.238492	14.12963	74.7754
1136	4.841536	648.627	22.26975	0.071371	13.54023	58.2744
1137	3.42533	670.5304	25.80512	0.105052	13.04878	27.1523
1138	4.82968	652.0743	18.51493	-0.33761	14.4697	33.2571
1139	5.965735	666.3196	11.92766	-0.744	15.14286	5.6721
1140	3.265185	582.2382	29.28446	0.212327	13.28902	53.5261
1141	6.415557	489.917	12.42087	0.413429	13.52857	77.4822
1142	5.466215	533.5994	20.46453	-0.12828	13.72414	35.8663
1143	2.772571	445.7777	29.15343	0.854497	9.634078	65.826
1144	4.966806	604.6674	18.43991	-0.53091	13.94615	11.6367
1145	5.573855	468.3174	18.46231	-0.36118	13.00926	41.8233
1146	5.341572	442.9015	22.83911	0.473574	13.16	66.9684
1147	6.617801	595.6832	16.95281	0.12287	14.90217	76.0791
1148	3.88693	557.1386	20.13726	-0.11751	14.13158	35.5398
1149	4.291957	489.3277	19.18937	0.503658	11.70892	75.4584
1150	4.014886	585.669	21.05878	0.04479	14.22222	75.2137
1151	3.369012	612.0813	22.19031	0.712846	13.92222	49.2003
1152	5.058153	593.351	17.46535	0.426251	13.99355	87.3303
1153	1.679249	215.5868	32.78338	1.392098	6.81982	66.5107
1154	4.058591	294.4845	16.83492	0.167952	9.007752	45.5299
1155	10.63361	617.3249	9.040542	-0.83666	16.86719	61.5792
1156	7.649784	692.8281	13.46989	-0.82205	15.6063	40.8077
1157	8.583123	635.2535	15.93002	-0.28602	14.74667	68.1688
1158	6.348533	606.0477	17.95332	-0.23343	14.57838	42.8315
1159	4.045061	517.3492	22.65911	0.36771	13.32192	41.6513
1160	5.064369	478.8192	14.8575	0.134812	12.9863	82.6951
1161	5.48508	430.3063	12.89678	0.855838	11.44681	93.2881
1162	3.62788	423.4101	22.75538	2.455719	11.05369	97.4579
1163	3.163977	450.3868	18.11015	0.330413	13.68657	34.73
1164	6.697521	536.4067	17.13931	-0.51892	13.63107	46.5586
1165	3.797914	524.4527	27.78796	0.773505	13.93548	85.5311
1166	5.827018	729.3622	14.03565	-0.24669	17.39902	48.4692
1167	4.565909	638.2905	19.02305	0.553823	14.00633	68.6643
1168	2.92545	548.7159	26.14622	0.258571	13.90244	25.7187
1169	3.884575	584.3008	22.90455	0.109369	13.87963	30.9098
1170	3.547446	647.8033	26.55855	-0.03789	13.7561	30.871
1171	8.280251	682.8498	10.56139	0.075107	16.34091	65.1146
1172	6.63276	664.7418	13.69094	-0.36741	13.72152	71.6551
1173	4.919552	671.8964	17.62997	0.16627	13.58879	50.3697
1174	3.445505	651.1973	27.97637	1.114385	12.13287	83.2962
1175	2.205824	435.3865	28.75202	1.280105	11.96226	71.3018
1176	1.516883	197.7522	37.76452	1.83186	5.169877	60.2363
1177	2.456876	253.3626	27.28039	1.010602	7.252632	64.5508
1178	3.769494	464.1081	29.66312	1.187409	12.4375	98.9409
1179	5.003577	492.1667	21.23952	0.198595	13.51883	72.7122
1180	4.33316	637.8536	19.76147	0.107468	13.6573	49.2764
1181	3.940402	641.3497	18.51237	0.085407	13.95122	56.7492
1182	3.020124	488.4049	24.03588	0.826029	11.76623	59.6012
1183	3.064269	514.8323	28.85646	0.843199	12.68992	64.7819
1184	4.019031	475.92	22.53227	0.706126	11.92857	79.9581
1185	4.896272	641.6483	20.17373	0.096367	14.74729	50.8933
1186	19.24932	438.1667	8.82475	-0.41068	16.58824	94.353
1187	12.23539	432.3273	11.51593	-0.15113	16.24561	67.3881
1188	15.88689	467.469	9.107084	-0.81808	16.57325	81.3588
1189	10.79393	543.3855	11.66789	-0.63035	14.65789	64.6704
1190	3.693131	561.2368	27.39932	0.093111	12.39091	39.6507
1191	3.933285	417.3926	25.49289	0.861276	11.69645	63.6757
1192	3.067542	562.9639	24.72597	0.692004	12.20902	63.8908
1193	5.423039	543.3094	15.73302	-0.09193	14.75269	60.6986
1194	4.937097	551.194	19.86824	0.110152	14.29216	61.1865
1195	3.378477	428.6332	26.04641	0.588741	11.43529	54.1494
1196	4.841781	608.2466	21.83614	-0.12103	13.29655	58.7036
1197	4.375636	444.7736	22.24296	0.612973	10.51289	67.0296
1198	1.771179	227.8971	34.51029	2.167267	7.362416	61.7166
1199	3.633203	398.8182	24.74307	0.334975	10.00787	54.7862
1200	1.636545	363.4289	32.35397	1.234679	7.913043	75.5912
1201	4.393132	366.3345	26.20351	0.568639	9.761006	52.0163
1202	5.900382	569.7814	20.81681	0.453762	12.92195	73.8912
1203	5.512236	532.1021	20.17862	-0.02372	14.40625	36.6352
1204	2.703761	526.5175	29.04358	0.86035	11.84615	51.6617
1205	3.698528	620.9758	22.07942	0.571822	12.21795	61.5699
1206	4.00773	659.0883	20.25925	0.040164	13.74419	40.0543
1207	3.689348	608.1589	19.2309	0.03873	11.66667	74.2983
1208	3.952142	664.9246	22.94573	0.178799	14.91761	48.3681
1209	3.7888	450.2929	25.80677	0.70637	10.62411	42.5258
1210	4.849256	609.4828	24.7267	0.484589	12.25306	70.9066
1211	2.323121	250.9688	25.14781	0.922795	7.2657	48.0284
1212	2.890703	526.1969	22.24813	0.391921	14.31132	37.4274
1213	3.910639	527.9518	20.09634	0.022937	14.26087	49.4963
1214	3.232478	463.8294	28.93039	1.114268	11.38136	87.465
1215	1.813608	202.3519	36.9562	1.448224	6.024194	81.0714
1216	9.773074	451.5918	9.790909	-0.77385	13.9	67.086
1217	8.572645	545.1526	8.96291	-0.54548	15.80808	33.1815
1218	12.09408	496.7379	4.328349	-0.26114	15.53448	48.5997
1219	3.042827	296.8292	22.87612	0.836655	9.123457	58.4818
1220	3.588755	501.4884	27.37241	0.405679	13.22549	59.6538
1221	3.099786	484.1398	23.73992	0.702626	11.25994	64.0416
1222	2.488132	446.6644	29.29869	0.496538	10.5	65.1989
1223	5.912597	449.1326	22.55724	0.475071	13.93103	73.1957
1224	4.955579	485.5375	21.59555	0.075177	12.1875	51.1283
1225	5.327657	446.9719	22.16796	0.873158	11.41791	78.1094
1226	5.3637	456.7209	16.85751	-0.57632	11.9322	43.4205
1227	4.980318	470.4471	21.63294	0.151053	12.14932	45.5595
1228	3.481129	471.3513	21.08112	0.18838	11.3125	58.2221
1229	5.049899	614.5341	18.97625	0.217551	14.9481	56.4788
1230	4.65948	608.9197	24.54808	0.638496	14.31313	54.0938
1231	6.625969	443.4765	13.33531	0.79038	12.73737	65.8046
1232	4.439566	302.2003	24.05853	1.111704	9.139423	76.2918
1233	4.385673	672.7137	22.44976	0.166202	12.44928	44.8668
1234	4.679055	280.7736	21.19747	0.47199	9.603226	72.7636
1235	4.249348	580.481	25.90906	0.179965	14.01695	57.5659
1236	2.854025	570.4208	31.15982	0.594208	12.99065	29.6012
1237	4.665803	476.441	20.95152	-0.03356	14.01835	64.9912
1238	3.110395	428.5968	30.28116	1.100113	11.40288	73.6801
1239	4.466496	483.7563	21.98324	0.045522	13.16798	42.3344
1240	4.480818	445.1618	25.14388	0.7114	11.49265	67.1618
1241	3.776491	500.7661	21.08173	-0.02908	10.94118	54.4874
1242	5.639262	496.4677	21.27086	1.057909	11.688	96.2061
1243	4.163885	627.8879	23.16722	-0.13221	13.66456	35.945
1244	16.75407	416.7651	10.22737	-0.25866	14.95918	91.3734
1245	14.10609	506.7482	10.01724	-1.38479	16.28205	22.3501
1246	9.257557	515.8286	11.58718	-0.79816	14.84746	55.6973
1247	10.50682	538.3431	11.26057	-1.18537	15.64	39.8917
1248	14.09231	406.9569	12.76843	-0.31075	14.904	89.6725
1249	3.127342	409.0948	32.98099	0.6098	10.3865	39.9799
1250	3.060092	582.6002	30.53693	0.638942	12.74494	59.192
1251	3.131301	309.6507	25.41564	0.757774	8.997059	63.26
1252	12.43773	555.9821	10.31122	-0.77331	15.92661	71.0291
1253	5.206232	585.4575	19.37064	0.352438	14.12121	60.1856
1254	5.855599	594.697	18.70227	-0.16192	14.42963	58.6215
1255	3.676714	585.4652	24.08211	0.85151	12.75135	91.6424
1256	4.133135	585.3487	20.57236	0.533621	13.93846	54.6038
1257	6.283432	548.8784	14.12811	0.029236	13.88525	67.187
1258	4.397568	553.3191	17.45593	0.165694	14.44944	68.841
1259	3.307521	580.9972	20.3749	0.796284	13.88	82.1421
1260	4.610654	573.5349	21.39665	0.085147	14.12389	76.3114
1261	5.336395	543.9684	14.90111	0.132987	14.77778	72.3259
1262	4.896958	488.6116	23.2973	-0.02945	13.64835	55.2263
1263	2.464279	451.5603	27.61709	1.025843	10.53135	67.7915
1264	0.906878	198.9686	36.0356	2.179074	5.781818	55.5658
1265	1.175397	202.801	36.71327	1.690059	6.195455	51.4886
1266	4.756148	585.0456	20.31368	0.256933	14.91129	61.8178
1267	5.15338	610.6868	22.52204	-0.39725	14.77632	28.3763
1268	4.804588	581.8629	22.72413	1.005146	12.90741	76.9784
1269	3.2148	551.4154	30.14506	0.675356	11.89333	62.623
1270	2.570383	560.8577	26.06261	1.037622	12.13043	69.5847
1271	6.519125	597.1679	18.00737	0.210843	13.43636	74.7482
1272	6.13857	726.2219	11.90535	-0.42687	13.88636	37.4023
1273	9.449008	604.2472	10.74338	-0.39027	15.16832	64.7618
1274	7.579543	653.5899	15.49732	-0.7257	14.96	51.1431
1275	6.081433	723.3698	11.90475	-0.7516	14.64935	27.3985
1276	9.783296	706.8449	9.831232	-1.22843	14.73077	31.4949
1277	8.389473	655.8099	11.20757	-0.53867	15.27049	59.8111
1278	3.779669	247.3818	19.87992	0.641163	9.048077	83.2008
1279	3.87489	593.6216	21.48373	-0.11552	14.0359	37.2078
1280	3.78254	523.1529	27.96875	-0.00834	14.21714	21.7356
1281	4.031129	522.4398	28.10871	0.572961	13.58491	78.0595
1282	3.881913	494.3113	21.76629	0.493023	11.33181	66.1745
1283	4.910972	541.2589	16.37001	0.437749	13.56	66.0019
1284	6.012302	612.6457	10.81732	-0.19116	15.05085	37.728
1285	5.448636	532.082	18.62561	0.483675	13.05063	64.5078
1286	4.493776	511.1127	21.51943	0.674499	11.55063	67.3139
1287	4.926871	530.2054	18.65671	0.369755	12.43038	80.8778
1288	4.228904	558.0258	24.75218	0.511328	12.10375	60.3643
1289	3.948868	610.9335	23.51208	0.141781	13.26563	38.7811
1290	7.132356	641.5852	13.86053	-0.41413	15.07292	64.9243
1291	6.695993	477.2309	15.62596	0.249336	12.26932	62.6786
1292	5.209941	512.8294	23.96756	1.317115	11.89362	50.6999
1293	5.142825	503.2252	24.43383	0.728897	10.57143	52.6261
1294	3.244501	536.822	24.72799	0.208471	11.74054	35.8901
1295	6.091709	535.1366	18.36896	0.008069	13.55866	66.6116
1296	3.742563	306.4726	20.28333	0.479167	9.905444	40.6807
1297	2.87405	497.0904	24.73352	0.933146	13.37113	47.3106
1298	2.650778	507.2886	28.29594	0.703283	12.7931	63.0111
1299	3.747897	630.592	25.30339	0.382869	14.62126	53.6055
1300	1.836561	421.5983	35.87168	1.676842	8.888889	83.4222
1301	2.206986	427.6106	24.82166	0.994779	8.069307	76.4981
1302	1.486702	414.6905	31.26103	1.421184	8.916667	55.7583
1303	5.119072	647.2528	17.09465	-0.03973	13.40486	48.8745
1304	4.160633	638.627	22.77406	0.013345	14.09524	54.5456
1305	4.590934	492.2365	19.08015	-0.05783	13.53469	56.551
1306	12.70222	531.0735	8.331396	-0.93455	15.32353	43.6447
1307	11.84123	560.7976	6.021733	-1.21909	16.39726	84.682
1308	9.422062	565.0808	8.39271	-0.50842	16.01887	50.035
1309	6.500773	639.7508	13.48362	-0.74781	14.15854	26.7573
1310	4.775622	652.2476	19.06501	0.096801	14.05993	39.8479
1311	4.999088	303.9866	23.31398	1.04923	9.684848	91.5494
1312	4.177696	537.7046	18.32009	0.415961	13.12766	52.0587
1313	3.348887	566.9596	27.11152	1.107989	13.48684	64.2702
1314	10.91204	519.5926	15.7963	-0.37165	13.32203	76.4623
1315	9.584636	522.0997	11.05317	-0.1274	15.09896	64.5691
1316	3.951011	480.9781	20.98036	0.803095	13.07834	51.6267
1317	4.178333	499.1904	19.06193	0.292039	12.43333	58.4668
1318	3.652414	589.0684	23.50109	0.467193	13.01399	56.6375
1319	5.192348	521.222	22.26186	0.223806	13.66667	65.531
1320	2.919591	427.9751	28.41672	0.604514	10.81765	39.2936
1321	4.884683	506.8919	18.83299	0.425071	13.08182	62.1276
1322	3.804036	527.8503	19.34557	-0.05082	12.62366	19.0108
1323	4.905719	586.7266	15.40004	-0.03593	13.68	59.6178
1324	5.048856	622.5593	17.39032	0.110747	15.9397	50.9607
1325	4.952396	590.0342	16.95601	0.168842	14.64398	60.6664
1326	3.831344	345.1781	22.16024	0.458072	10.96947	76.6049
1327	4.450722	430.3306	17.74386	0.322935	13.40196	68.3718
1328	3.326678	433.3347	21.28157	0.679996	13.11765	92.3986
1329	3.747385	374.7316	20.85364	0.611784	11.26776	76.8016
1330	2.789678	358.9296	20.83791	0.69707	10.84118	71.8354
1331	3.090432	404.1473	14.21965	0.591968	11.73684	53.496
1332	6.726726	415.1066	13.51605	1.091114	11.76991	96.9777
1333	6.466499	684.2344	17.47937	-1.31367	14.72222	0
1334	5.922671	646.8524	12.30948	-0.4197	14.69355	38.7682
1335	18.29172	462.0411	9.901542	1.112214	16.38095	100
1336	14.43967	463.666	11.43642	0.297018	15.45185	88.0282
1337	3.517587	328.1803	22.04004	0.608399	9.755869	63.457
1338	5.793806	505.0136	14.32006	0.063553	13.08108	82.9292
1339	5.434103	455.9569	19.30628	0.648177	12.87097	93.5856
1340	6.321035	489.2365	14.95189	0.386001	13.57447	51.6725
1341	1.528749	220.0534	30.48574	1.561531	7.078313	80.6113
1342	2.952579	452.6517	31.05528	0.904163	10.85774	49.675
1343	6.39836	430.1262	19.62758	1.683414	10.91379	73.1728
1344	5.645029	631.5217	15.61299	0.099592	13.34783	47.024
1345	4.718273	563.662	21.20326	0.594345	13.04202	65.8522
1346	5.530902	558.124	18.59698	0.040023	14.57554	53.692
1347	4.154798	564.3341	24.63389	0.654616	12.39912	67.8309
1348	3.782661	517.3333	26.14814	0.62836	12.03947	64.8566
1349	3.259838	537.0903	28.03685	0.525564	13.12	47.0895
1350	2.972873	514.6254	26.93505	0.605088	11.80745	53.1024
1351	4.119898	654.9628	21.87777	0.248331	14.43191	53.5477
1352	7.35857	432.3984	16.15223	0.836586	14.20863	69.9241
1353	3.357095	553.1842	26.33861	0.862927	14.06452	77.6447
1354	3.02329	503.4767	22.381	0.152664	11.87069	46.5803
1355	8.696441	411.2683	17.33659	0.397897	13.97368	73.85
1356	4.224099	422.2867	23.07237	-0.24724	11.92623	32.6548
1357	3.494348	456.2817	27.83885	0.835735	11.0543	60.362
1358	2.680357	469.9356	26.39217	0.757021	10.94471	38.8595
1359	6.546462	515.6559	17.70485	0.051233	13.75	89.4553
1360	4.174536	531.6	24.38519	0.126993	13.44156	47.548
1361	2.216903	223.5695	29.3867	1.515279	6.762397	63.5534
1362	2.776367	456.3983	27.28368	0.807179	9.571429	79.3295
1363	3.862295	491.1041	23.47524	0.567145	12.53191	67.2248
1364	6.270617	597.6523	12.34143	-0.50403	14.52525	49.3528
1365	4.860222	256.784	23.22619	1.137234	9.510949	79.3636
1366	4.528194	643.103	18.53211	0.013909	13.79514	47.3681
1367	6.001109	550.8313	19.86232	0.446444	14.54286	61.6654
1368	5.667589	558.291	19.68032	0.194482	14.33649	63.7866
1369	4.799623	441.6264	27.15988	0.305337	12.45933	57.5296
1370	5.170369	607.1546	17.75183	-0.1516	14.85393	51.4136
1371	4.18145	567.3598	21.2587	-0.06268	13.25397	31.5906
1372	3.670226	566.3463	23.25968	1.114487	12.38298	73.7678
1373	2.898989	539.0619	25.81535	0.117123	11.5641	40.7063
1374	3.94799	542.9498	25.3406	0.225272	12.59893	74.0076
1375	7.394055	574.8238	15.90962	-0.17121	13.89256	73.4877
1376	6.229246	518.6646	20.03444	-0.15803	12.98837	70.7981
1377	6.378458	516.4545	15.34414	0.374513	14.52045	58.3371
1378	3.102843	421.1088	31.49459	1.398479	9.395062	86.8067
1379	4.568006	426.5125	25.39992	0.428946	10.66116	47.4102
1380	5.546602	560.7355	19.74575	0.310384	13.62736	67.5893
1381	6.144657	589.6874	14.84958	0.127474	14.42188	73.6566
1382	3.13048	445.3848	26.12965	0.631632	12.09314	68.3687
1383	3.166345	498.7375	24.33447	0.439404	12.84615	42.9411
1384	5.858244	636.3607	13.36887	-0.95121	14.26667	26.6195
1385	5.320215	612.6944	18.56382	-0.40346	13.9125	10.9883
1386	4.625018	637.0553	20.27511	0.125458	14.30537	43.9188
1387	4.686673	650.3333	20.43196	-0.01773	13.30357	22.292
1388	7.82655	447.3283	13.43	-0.09414	13.95238	47.9986
1389	5.702493	574.4729	14.62791	-0.03927	13.65657	63.8936
1390	5.520014	605.215	17.85851	-0.31443	13.62832	53.3859
1391	3.407934	572.4576	29.10965	0.987876	12.96875	87.3162
1392	4.415832	574.1053	22.39254	0.417082	13.84615	54.8842
1393	3.239366	569.599	22.63605	0.682093	14.6135	71.9851
1394	4.453409	572.1289	21.21869	0.877539	13.07273	71.7597
1395	4.473855	587.1039	17.92433	-0.13553	14.28	57.1523
1396	5.830019	579.2178	15.98287	0.430116	13.92708	67.6157
1397	5.813533	581.7692	16.39855	0.181076	13.37349	56.8833
1398	4.344568	616.3278	20.48098	-0.29818	13.54412	33.5975
1399	4.664026	415.4789	23.58882	0.753139	11.03361	83.6174
1400	3.461911	568.3475	25.67811	0.378263	13.81301	41.07
1401	4.474692	289.5607	21.15057	0.622444	9.022222	70.0181
1402	9.17472	323.1073	14.49548	0.136631	12.72414	65.0007
1403	1.86298	233.2938	37.32389	2.299172	7.79021	64.4015
1404	5.198117	674.876	17.58777	-0.04539	14.59583	49.8586
1405	2.065813	405.7964	32.6732	1.06224	8.806867	70.935
1406	2.774983	314.8054	22.34914	1.687578	9.25	91.8967
1407	2.889647	291.1201	22.86201	0.846806	9.108434	94.4189
1408	5.428567	576.6702	17.17744	0.198443	13.83969	60.5604
1409	4.798673	506.1595	22.44015	1.248383	11.09574	83.3022
1410	3.546221	529.3931	22.9829	0.65474	10.93103	43.0989
1411	3.793177	575.0146	27.49488	0.274232	13.11111	45.5535
1412	2.903254	540.8931	28.18875	1.15873	12.74419	80.0074
1413	14.76846	593.2038	8.655395	-1.3371	17.34434	51.5422
1414	5.511331	606.9978	16.24575	-0.39736	15.60317	24.1176
1415	3.033162	590.7071	28.039	0.797878	11.51845	64.014
1416	4.539615	600.5919	20.87854	0.475646	13.82131	59.8579
1417	3.106689	521.4834	29.82411	0.520237	11.28428	62.0908
1418	2.603156	605.6154	30.05693	0.495377	14.9375	53.8928
1419	3.46748	590.5	20.85343	0.183497	14.5	29.489
1420	2.141588	546.9064	35.36065	2.047436	11.96694	85.2325
1421	5.092304	634.5883	18.98812	0.186373	13.61783	46.2136
1422	3.738377	594.6916	23.67269	0.340585	13.01667	49.4007
1423	3.731258	581.4053	18.64126	0.202316	13.11494	49.2491
1424	3.561043	609.1993	25.69622	0.585799	12.66237	64.8877
1425	2.457032	239.3382	21.89939	1.090307	7.64497	48.189
1426	4.642983	530.7135	20.08615	0.813246	13.08824	75.7403
1427	6.787935	454.7339	19.4577	0.132457	13.31169	61.1871
1428	2.491477	222.3082	28.16054	1.617988	7.276074	72.0857
1429	3.090756	366.9462	33.70136	0.544618	8.741935	72.7122
1430	4.844492	566.8287	16.26081	0.315029	14.175	57.6611
1431	3.127464	593.9925	22.255	0.780245	11.76316	60.7746
1432	3.349238	572.405	25.07693	0.891111	11.81882	70.0677
1433	4.758339	506.6815	16.94509	0.606493	13.51613	72.128
1434	3.771889	514.1168	22.5957	0.439583	12.68553	56.8578
1435	3.573753	246.4091	21.63003	1.022154	9.5	100
1436	4.142571	466.6765	13.16984	-0.08889	11	21.8982
1437	5.306081	235.3058	17.88715	0.200656	8.58209	71.275
