slope, srtm, tpi, twi, coarse, stream, hdist
0.15,0.7,0.5,0.4,0.75,0.7,0.1887624
0.2,0.7,0.5,0.4,0.75,0.7,0.1873677
0.15,0.7,0.55,0.4,0.75,0.7,0.1865761
0.15,0.7,0.5,0.45,0.75,0.7,0.1861659
0.25,0.7,0.5,0.4,0.75,0.7,0.1855753
0.2,0.7,0.55,0.4,0.75,0.7,0.1851928
0.2,0.7,0.5,0.45,0.75,0.7,0.1847977
0.15,0.7,0.5,0.4,0.7,0.7,0.184408
0.15,0.7,0.55,0.45,0.75,0.7,0.1840389
0.15,0.7,0.6,0.4,0.75,0.7,0.184025
0.25,0.7,0.55,0.4,0.75,0.7,0.1834183
0.15,0.7,0.5,0.5,0.75,0.7,0.183242
0.25,0.7,0.5,0.45,0.75,0.7,0.1830426
0.2,0.7,0.5,0.4,0.7,0.7,0.1829833
0.2,0.7,0.55,0.45,0.75,0.7,0.182683
0.2,0.7,0.6,0.4,0.75,0.7,0.1826611
0.15,0.7,0.55,0.4,0.7,0.7,0.1821566
0.2,0.7,0.5,0.5,0.75,0.7,0.1819058
0.15,0.65,0.5,0.4,0.75,0.7,0.1817665
0.15,0.7,0.5,0.45,0.7,0.7,0.1817569
0.15,0.7,0.6,0.45,0.75,0.7,0.181562
0.15,0.7,0.55,0.5,0.75,0.7,0.1811843
0.25,0.7,0.5,0.4,0.7,0.7,0.1811542
0.15,0.7,0.65,0.4,0.75,0.7,0.1811239
0.25,0.7,0.55,0.45,0.75,0.7,0.1809459
0.25,0.7,0.6,0.4,0.75,0.7,0.1809143
0.2,0.7,0.55,0.4,0.7,0.7,0.1807456
0.15,0.7,0.5,0.4,0.75,0.75,0.180376
0.2,0.7,0.5,0.45,0.7,0.7,0.1803614
0.2,0.65,0.5,0.4,0.75,0.7,0.1803302
0.2,0.7,0.6,0.45,0.75,0.7,0.1802259
0.25,0.7,0.5,0.5,0.75,0.7,0.1801947
0.2,0.7,0.55,0.5,0.75,0.7,0.1798612
0.15,0.7,0.5,0.4,0.65,0.7,0.1798046
0.2,0.7,0.65,0.4,0.75,0.7,0.1797869
0.15,0.7,0.55,0.45,0.7,0.7,0.1795713
0.15,0.7,0.6,0.4,0.7,0.7,0.1795345
0.15,0.65,0.55,0.4,0.75,0.7,0.1795057
0.15,0.65,0.5,0.45,0.75,0.7,0.1791222
0.2,0.7,0.5,0.4,0.75,0.75,0.1790807
0.25,0.7,0.55,0.4,0.7,0.7,0.1789364
0.15,0.7,0.6,0.5,0.75,0.7,0.178793
0.15,0.7,0.5,0.5,0.7,0.7,0.1787761
0.15,0.7,0.65,0.45,0.75,0.7,0.1787496
0.25,0.7,0.5,0.45,0.7,0.7,0.1785721
0.25,0.7,0.6,0.45,0.75,0.7,0.1785157
0.25,0.65,0.5,0.4,0.75,0.7,0.1784902
0.15,0.7,0.55,0.4,0.75,0.75,0.1784264
0.2,0.7,0.5,0.4,0.65,0.7,0.1783565
0.2,0.7,0.55,0.45,0.7,0.7,0.1781899
0.25,0.7,0.55,0.5,0.75,0.7,0.1781678
0.2,0.7,0.6,0.4,0.7,0.7,0.1781449
0.2,0.65,0.55,0.4,0.75,0.7,0.1780852
0.25,0.7,0.65,0.4,0.75,0.7,0.1780765
0.15,0.7,0.5,0.45,0.75,0.75,0.1780043
0.2,0.65,0.5,0.45,0.75,0.7,0.1777165
0.15,0.7,0.55,0.4,0.65,0.7,0.1775014
0.2,0.7,0.6,0.5,0.75,0.7,0.177489
0.2,0.7,0.65,0.45,0.75,0.7,0.1774394
0.25,0.7,0.5,0.4,0.75,0.75,0.177418
0.2,0.7,0.5,0.5,0.7,0.7,0.177415
0.2,0.7,0.55,0.4,0.75,0.75,0.1771401
0.15,0.7,0.5,0.45,0.65,0.7,0.1771143
0.15,0.7,0.6,0.45,0.7,0.7,0.1770312
0.15,0.65,0.5,0.4,0.7,0.7,0.1769678
0.15,0.65,0.55,0.45,0.75,0.7,0.1769294
0.15,0.65,0.6,0.4,0.75,0.7,0.1768823
0.2,0.7,0.5,0.45,0.75,0.75,0.1767321
0.15,0.7,0.55,0.5,0.7,0.7,0.1766676
0.15,0.7,0.65,0.4,0.7,0.7,0.1765595
0.25,0.7,0.5,0.4,0.65,0.7,0.1764983
0.25,0.7,0.55,0.45,0.7,0.7,0.1764212
0.25,0.7,0.6,0.4,0.7,0.7,0.1763662
0.25,0.65,0.55,0.4,0.75,0.7,0.1762678
0.15,0.65,0.5,0.5,0.75,0.7,0.1761544
0.15,0.7,0.6,0.4,0.75,0.75,0.176141
0.15,0.7,0.55,0.45,0.75,0.75,0.1761037
0.15,0.7,0.65,0.5,0.75,0.7,0.1760804
0.2,0.7,0.55,0.4,0.65,0.7,0.1760687
0.25,0.65,0.5,0.45,0.75,0.7,0.1759178
0.25,0.7,0.6,0.5,0.75,0.7,0.1758221
0.25,0.7,0.65,0.45,0.75,0.7,0.1757646
0.15,0.7,0.5,0.4,0.7,0.75,0.1757298
0.2,0.7,0.5,0.45,0.65,0.7,0.1756977
0.25,0.7,0.5,0.5,0.7,0.7,0.1756728
0.2,0.7,0.6,0.45,0.7,0.7,0.1756711
0.2,0.65,0.55,0.45,0.75,0.7,0.1755393
0.2,0.65,0.5,0.4,0.7,0.7,0.1755006
0.25,0.7,0.55,0.4,0.75,0.75,0.1754912
0.2,0.65,0.6,0.4,0.75,0.7,0.1754853
0.15,0.7,0.5,0.5,0.75,0.75,0.1753313
0.2,0.7,0.55,0.5,0.7,0.7,0.1753206
0.2,0.7,0.65,0.4,0.7,0.7,0.1751993
0.25,0.7,0.5,0.45,0.75,0.75,0.1751012
0.15,0.7,0.5,0.4,0.6,0.7,0.1749914
0.15,0.7,0.55,0.45,0.65,0.7,0.1748835
0.2,0.7,0.6,0.4,0.75,0.75,0.17487
0.2,0.7,0.55,0.45,0.75,0.75,0.1748409
0.15,0.7,0.6,0.4,0.65,0.7,0.1748235
0.2,0.7,0.65,0.5,0.75,0.7,0.1748017
0.2,0.65,0.5,0.5,0.75,0.7,0.1747847
0.15,0.65,0.55,0.4,0.7,0.7,0.1746418
0.15,0.6,0.5,0.4,0.75,0.7,0.1744573
0.2,0.7,0.5,0.4,0.7,0.75,0.1744126
0.15,0.65,0.6,0.45,0.75,0.7,0.1743893
0.15,0.65,0.5,0.45,0.7,0.7,0.174272
0.25,0.7,0.55,0.4,0.65,0.7,0.1742332
0.15,0.7,0.6,0.5,0.7,0.7,0.17422
0.15,0.7,0.65,0.45,0.7,0.7,0.1741523
0.15,0.7,0.5,0.5,0.65,0.7,0.1740939
0.2,0.7,0.5,0.5,0.75,0.75,0.1740868
0.15,0.65,0.55,0.5,0.75,0.7,0.17404
0.25,0.7,0.6,0.45,0.7,0.7,0.173932
0.15,0.65,0.65,0.4,0.75,0.7,0.1739155
0.25,0.7,0.5,0.45,0.65,0.7,0.1738817
0.15,0.7,0.6,0.45,0.75,0.75,0.1738809
0.25,0.65,0.55,0.45,0.75,0.7,0.1737642
0.15,0.7,0.55,0.4,0.7,0.75,0.1737364
0.25,0.65,0.6,0.4,0.75,0.7,0.1737013
0.25,0.65,0.5,0.4,0.7,0.7,0.1736225
0.25,0.7,0.55,0.5,0.7,0.7,0.1735986
0.15,0.7,0.65,0.4,0.75,0.75,0.1735302
0.2,0.7,0.5,0.4,0.6,0.7,0.1735272
0.15,0.7,0.55,0.5,0.75,0.75,0.173489
0.2,0.7,0.55,0.45,0.65,0.7,0.1734823
0.25,0.7,0.65,0.4,0.7,0.7,0.1734607
0.2,0.7,0.6,0.4,0.65,0.7,0.173414
0.15,0.7,0.5,0.45,0.7,0.75,0.1733241
0.25,0.7,0.6,0.4,0.75,0.75,0.1732434
0.25,0.7,0.55,0.45,0.75,0.75,0.1732243
0.2,0.65,0.55,0.4,0.7,0.7,0.1731926
0.15,0.65,0.5,0.4,0.75,0.75,0.1731894
0.25,0.7,0.65,0.5,0.75,0.7,0.173169
0.25,0.65,0.5,0.5,0.75,0.7,0.1730351
0.2,0.65,0.6,0.45,0.75,0.7,0.173023
0.2,0.6,0.5,0.4,0.75,0.7,0.1729874
0.2,0.7,0.6,0.5,0.7,0.7,0.1728945
0.2,0.65,0.5,0.45,0.7,0.7,0.1728376
0.2,0.7,0.65,0.45,0.7,0.7,0.1728208
0.25,0.7,0.5,0.4,0.7,0.75,0.1727235
0.2,0.7,0.5,0.5,0.65,0.7,0.1727135
0.2,0.65,0.55,0.5,0.75,0.7,0.1726861
0.15,0.7,0.55,0.4,0.6,0.7,0.1726517
0.2,0.7,0.6,0.45,0.75,0.75,0.1726338
0.2,0.65,0.65,0.4,0.75,0.7,0.1725498
0.25,0.7,0.5,0.5,0.75,0.75,0.1724939
0.2,0.7,0.55,0.4,0.7,0.75,0.1724296
0.15,0.7,0.6,0.45,0.65,0.7,0.1722939
0.2,0.7,0.65,0.4,0.75,0.75,0.1722816
0.15,0.7,0.5,0.45,0.6,0.7,0.1722794
0.2,0.7,0.55,0.5,0.75,0.75,0.1722542
0.15,0.6,0.55,0.4,0.75,0.7,0.1721405
0.2,0.7,0.5,0.45,0.7,0.75,0.172032
0.15,0.65,0.55,0.45,0.7,0.7,0.1720214
0.15,0.65,0.6,0.4,0.7,0.7,0.1719492
0.15,0.7,0.55,0.5,0.65,0.7,0.1719461
0.15,0.65,0.5,0.4,0.65,0.7,0.1718932
0.2,0.65,0.5,0.4,0.75,0.75,0.1718606
0.15,0.7,0.5,0.4,0.75,0.8,0.1718115
0.15,0.7,0.65,0.4,0.65,0.7,0.1717909
0.15,0.6,0.5,0.45,0.75,0.7,0.1717864
0.25,0.7,0.55,0.45,0.65,0.7,0.1716893
0.25,0.7,0.5,0.4,0.6,0.7,0.1716489
0.25,0.7,0.6,0.4,0.65,0.7,0.1716117
0.15,0.65,0.6,0.5,0.75,0.7,0.1715946
0.15,0.65,0.65,0.45,0.75,0.7,0.1715195
0.15,0.7,0.65,0.5,0.7,0.7,0.1714499
0.15,0.7,0.6,0.4,0.7,0.75,0.1714027
0.15,0.7,0.55,0.45,0.7,0.75,0.1713851
0.15,0.7,0.65,0.45,0.75,0.75,0.1713456
0.25,0.65,0.55,0.4,0.7,0.7,0.1713403
0.15,0.7,0.6,0.5,0.75,0.75,0.1713382
0.25,0.65,0.6,0.45,0.75,0.7,0.1712795
0.15,0.65,0.5,0.5,0.7,0.7,0.1712519
0.2,0.7,0.55,0.4,0.6,0.7,0.1712041
0.25,0.7,0.6,0.5,0.7,0.7,0.1712017
0.15,0.65,0.55,0.4,0.75,0.75,0.1711844
0.25,0.7,0.65,0.45,0.7,0.7,0.1711209
0.25,0.6,0.5,0.4,0.75,0.7,0.1711097
0.25,0.7,0.6,0.45,0.75,0.75,0.1710393
0.25,0.65,0.5,0.45,0.7,0.7,0.1710049
0.25,0.65,0.55,0.5,0.75,0.7,0.1709585
0.25,0.7,0.5,0.5,0.65,0.7,0.1709479
0.2,0.7,0.6,0.45,0.65,0.7,0.170916
0.15,0.7,0.5,0.4,0.65,0.75,0.1708607
0.2,0.7,0.5,0.45,0.6,0.7,0.1708479
0.25,0.65,0.65,0.4,0.75,0.7,0.1708073
0.15,0.65,0.5,0.45,0.75,0.75,0.1707891
0.25,0.7,0.55,0.4,0.7,0.75,0.1707555
0.2,0.6,0.55,0.4,0.75,0.7,0.1706903
0.25,0.7,0.65,0.4,0.75,0.75,0.1706851
0.25,0.7,0.55,0.5,0.75,0.75,0.1706756
0.15,0.7,0.5,0.5,0.7,0.75,0.1706172
0.2,0.7,0.5,0.4,0.75,0.8,0.1706141
0.2,0.65,0.55,0.45,0.7,0.7,0.1706055
0.2,0.7,0.55,0.5,0.65,0.7,0.1705815
0.2,0.65,0.6,0.4,0.7,0.7,0.1705265
0.2,0.7,0.65,0.4,0.65,0.7,0.170414
0.2,0.65,0.5,0.4,0.65,0.7,0.170402
0.25,0.7,0.5,0.45,0.7,0.75,0.1703768
0.2,0.6,0.5,0.45,0.75,0.7,0.1703504
0.2,0.65,0.6,0.5,0.75,0.7,0.1702638
0.2,0.65,0.65,0.45,0.75,0.7,0.1701837
0.25,0.65,0.5,0.4,0.75,0.75,0.1701601
0.2,0.7,0.65,0.5,0.7,0.7,0.170152
0.2,0.7,0.65,0.45,0.75,0.75,0.1701198
0.2,0.7,0.6,0.5,0.75,0.75,0.1701192
0.2,0.7,0.6,0.4,0.7,0.75,0.1701127
0.2,0.7,0.55,0.45,0.7,0.75,0.1701034
0.15,0.7,0.55,0.4,0.75,0.8,0.1700892
0.15,0.7,0.5,0.4,0.55,0.7,0.1700234
0.15,0.7,0.55,0.45,0.6,0.7,0.1700175
0.15,0.7,0.6,0.4,0.6,0.7,0.1699345
0.2,0.65,0.55,0.4,0.75,0.75,0.169868
0.2,0.65,0.5,0.5,0.7,0.7,0.1698566
0.15,0.7,0.5,0.45,0.75,0.8,0.1696631
0.15,0.6,0.55,0.45,0.75,0.7,0.1695455
0.2,0.7,0.5,0.4,0.65,0.75,0.169528
0.15,0.65,0.55,0.4,0.65,0.7,0.1695177
0.2,0.65,0.5,0.45,0.75,0.75,0.1694864
0.15,0.6,0.6,0.4,0.75,0.7,0.1694669
0.15,0.7,0.6,0.5,0.65,0.7,0.1694578
0.15,0.65,0.6,0.45,0.7,0.7,0.1694205
0.15,0.7,0.65,0.45,0.65,0.7,0.1693655
0.2,0.7,0.5,0.5,0.7,0.75,0.1693542
0.25,0.7,0.55,0.4,0.6,0.7,0.1693506
0.15,0.7,0.5,0.5,0.6,0.7,0.1692379
0.15,0.6,0.5,0.4,0.7,0.7,0.1691724
0.15,0.65,0.5,0.45,0.65,0.7,0.1691637
0.25,0.7,0.6,0.45,0.65,0.7,0.169156
0.15,0.7,0.6,0.45,0.7,0.75,0.1691194
0.15,0.65,0.55,0.5,0.7,0.7,0.1690877
0.25,0.7,0.5,0.4,0.75,0.8,0.1690787
0.25,0.7,0.5,0.45,0.6,0.7,0.1690148
0.15,0.65,0.65,0.4,0.7,0.7,0.1689117
0.2,0.7,0.55,0.4,0.75,0.8,0.168898
0.15,0.7,0.65,0.5,0.75,0.75,0.168888
0.15,0.65,0.6,0.4,0.75,0.75,0.168847
0.25,0.6,0.55,0.4,0.75,0.7,0.1688409
0.15,0.65,0.55,0.45,0.75,0.75,0.1688403
0.25,0.7,0.55,0.5,0.65,0.7,0.1688378
0.15,0.7,0.55,0.4,0.65,0.75,0.1688362
0.15,0.65,0.65,0.5,0.75,0.7,0.1688345
0.15,0.6,0.5,0.5,0.75,0.7,0.1687984
0.25,0.65,0.55,0.45,0.7,0.7,0.1687981
0.15,0.7,0.65,0.4,0.7,0.75,0.1687416
0.15,0.7,0.55,0.5,0.7,0.75,0.168741
0.25,0.65,0.6,0.4,0.7,0.7,0.1687107
0.25,0.7,0.65,0.4,0.65,0.7,0.1686549
0.2,0.7,0.55,0.45,0.6,0.7,0.1686028
0.25,0.65,0.6,0.5,0.75,0.7,0.1685675
0.25,0.7,0.6,0.5,0.75,0.75,0.1685624
0.25,0.7,0.65,0.45,0.75,0.75,0.1685555
0.2,0.7,0.5,0.4,0.55,0.7,0.1685497
0.25,0.6,0.5,0.45,0.75,0.7,0.1685188
0.2,0.7,0.6,0.4,0.6,0.7,0.1685127
0.25,0.7,0.65,0.5,0.7,0.7,0.1684963
0.25,0.65,0.5,0.4,0.65,0.7,0.1684945
0.2,0.7,0.5,0.45,0.75,0.8,0.1684848
0.25,0.65,0.65,0.45,0.75,0.7,0.1684809
0.25,0.7,0.55,0.45,0.7,0.75,0.1684638
0.25,0.7,0.6,0.4,0.7,0.75,0.1684633
0.15,0.7,0.5,0.45,0.65,0.75,0.1684369
0.25,0.65,0.55,0.4,0.75,0.75,0.1681857
0.2,0.6,0.55,0.45,0.75,0.7,0.1681293
0.2,0.7,0.6,0.5,0.65,0.7,0.1681157
0.15,0.65,0.5,0.4,0.7,0.75,0.168094
0.15,0.65,0.5,0.5,0.75,0.75,0.1680927
0.25,0.65,0.5,0.5,0.7,0.7,0.1680758
0.15,0.7,0.6,0.4,0.75,0.8,0.1680596
0.2,0.65,0.55,0.4,0.65,0.7,0.1680462
0.2,0.6,0.6,0.4,0.75,0.7,0.168045
0.2,0.65,0.6,0.45,0.7,0.7,0.1680304
0.2,0.7,0.65,0.45,0.65,0.7,0.1680186
0.15,0.7,0.55,0.45,0.75,0.8,0.1679802
0.2,0.7,0.6,0.45,0.7,0.75,0.1678551
0.2,0.7,0.5,0.5,0.6,0.7,0.1678446
0.25,0.65,0.5,0.45,0.75,0.75,0.1678214
0.25,0.7,0.5,0.4,0.65,0.75,0.1678197
0.25,0.7,0.5,0.5,0.7,0.75,0.1677389
0.2,0.65,0.55,0.5,0.7,0.7,0.1677102
0.2,0.65,0.5,0.45,0.65,0.7,0.1677077
0.2,0.7,0.65,0.5,0.75,0.75,0.1676904
0.2,0.6,0.5,0.4,0.7,0.7,0.1676712
0.15,0.7,0.55,0.4,0.55,0.7,0.1676635
0.2,0.65,0.55,0.45,0.75,0.75,0.1675503
0.2,0.65,0.6,0.4,0.75,0.75,0.1675498
0.2,0.65,0.65,0.5,0.75,0.7,0.167533
0.2,0.65,0.65,0.4,0.7,0.7,0.1675233
0.2,0.7,0.55,0.4,0.65,0.75,0.1675147
0.2,0.7,0.55,0.5,0.7,0.75,0.1674891
0.2,0.7,0.65,0.4,0.7,0.75,0.1674756
0.2,0.6,0.5,0.5,0.75,0.7,0.1674022
0.15,0.7,0.6,0.45,0.6,0.7,0.1673958
0.25,0.7,0.55,0.4,0.75,0.8,0.1673727
0.15,0.7,0.5,0.45,0.55,0.7,0.167308
0.15,0.7,0.5,0.5,0.75,0.8,0.1672397
0.2,0.7,0.5,0.45,0.65,0.75,0.1671302
0.15,0.7,0.55,0.5,0.6,0.7,0.1670654
0.25,0.7,0.5,0.45,0.75,0.8,0.1669765
0.15,0.6,0.6,0.45,0.75,0.7,0.1669633
0.15,0.7,0.5,0.4,0.7,0.8,0.1669068
0.2,0.7,0.6,0.4,0.75,0.8,0.1668803
0.15,0.65,0.55,0.45,0.65,0.7,0.1668702
0.15,0.7,0.65,0.4,0.6,0.7,0.1668644
0.2,0.65,0.5,0.5,0.75,0.75,0.1668209
0.2,0.7,0.55,0.45,0.75,0.8,0.1668092
0.25,0.7,0.55,0.45,0.6,0.7,0.1667941
0.15,0.6,0.55,0.4,0.7,0.7,0.1667931
0.15,0.65,0.6,0.4,0.65,0.7,0.1667723
0.2,0.65,0.5,0.4,0.7,0.75,0.1667433
0.25,0.7,0.6,0.4,0.6,0.7,0.1666951
0.25,0.7,0.5,0.4,0.55,0.7,0.1666617
0.15,0.7,0.65,0.5,0.65,0.7,0.1666455
0.15,0.6,0.55,0.5,0.75,0.7,0.166644
0.15,0.65,0.6,0.5,0.7,0.7,0.16659
0.15,0.65,0.5,0.4,0.6,0.7,0.1665857
0.15,0.65,0.6,0.45,0.75,0.75,0.1665725
0.15,0.7,0.6,0.5,0.7,0.75,0.1665537
0.15,0.7,0.65,0.45,0.7,0.75,0.1665396
0.15,0.65,0.65,0.45,0.7,0.7,0.1664889
0.15,0.7,0.55,0.45,0.65,0.75,0.1664709
0.15,0.7,0.6,0.4,0.65,0.75,0.1664689
0.15,0.6,0.65,0.4,0.75,0.7,0.1664582
0.15,0.6,0.5,0.45,0.7,0.7,0.1664559
0.25,0.7,0.6,0.5,0.65,0.7,0.1664041
0.25,0.6,0.55,0.45,0.75,0.7,0.1663251
0.25,0.7,0.65,0.45,0.65,0.7,0.1663001
0.25,0.65,0.6,0.45,0.7,0.7,0.1662582
0.25,0.7,0.6,0.45,0.7,0.75,0.1662398
0.25,0.6,0.6,0.4,0.75,0.7,0.1662329
0.15,0.65,0.55,0.5,0.75,0.75,0.1662087
0.2,0.7,0.55,0.4,0.55,0.7,0.1662079
0.15,0.65,0.65,0.4,0.75,0.75,0.1661906
0.25,0.65,0.55,0.4,0.65,0.7,0.1661681
0.25,0.7,0.65,0.5,0.75,0.75,0.1661626
0.15,0.65,0.5,0.5,0.65,0.7,0.1661105
0.2,0.7,0.5,0.5,0.75,0.8,0.1660852
0.25,0.7,0.5,0.5,0.6,0.7,0.1660638
0.15,0.65,0.55,0.4,0.7,0.75,0.1660474
0.2,0.7,0.6,0.45,0.6,0.7,0.166006
0.15,0.7,0.6,0.45,0.75,0.8,0.1660026
0.25,0.65,0.55,0.5,0.7,0.7,0.1659544
0.25,0.65,0.55,0.45,0.75,0.75,0.1659032
0.25,0.65,0.6,0.4,0.75,0.75,0.1658937
0.25,0.7,0.55,0.5,0.7,0.75,0.1658899
0.25,0.65,0.65,0.5,0.75,0.7,0.1658758
0.2,0.7,0.5,0.45,0.55,0.7,0.1658683
0.25,0.7,0.65,0.4,0.7,0.75,0.1658593
0.25,0.65,0.5,0.45,0.65,0.7,0.1658485
0.25,0.7,0.55,0.4,0.65,0.75,0.1658239
0.15,0.7,0.5,0.4,0.6,0.75,0.165814
0.25,0.6,0.5,0.4,0.7,0.7,0.1657558
0.25,0.65,0.65,0.4,0.7,0.7,0.1657534
0.15,0.6,0.5,0.4,0.75,0.75,0.165732
0.15,0.7,0.65,0.4,0.75,0.8,0.16573
0.15,0.7,0.5,0.5,0.65,0.75,0.1657117
0.2,0.7,0.5,0.4,0.7,0.8,0.1656943
0.2,0.7,0.55,0.5,0.6,0.7,0.1656889
0.15,0.65,0.5,0.45,0.7,0.75,0.1656652
0.25,0.6,0.5,0.5,0.75,0.7,0.1656234
0.15,0.7,0.55,0.5,0.75,0.8,0.1656043
0.2,0.6,0.6,0.45,0.75,0.7,0.1655747
0.2,0.7,0.65,0.4,0.6,0.7,0.1654762
0.25,0.7,0.5,0.45,0.65,0.75,0.1654576
0.2,0.65,0.55,0.45,0.65,0.7,0.1654345
0.25,0.7,0.6,0.4,0.75,0.8,0.1653725
0.2,0.7,0.65,0.5,0.65,0.7,0.1653336
0.2,0.65,0.6,0.4,0.65,0.7,0.1653305
0.2,0.7,0.6,0.5,0.7,0.75,0.1653189
0.2,0.6,0.55,0.4,0.7,0.7,0.1653143
0.25,0.7,0.55,0.45,0.75,0.8,0.1653114
0.2,0.65,0.6,0.45,0.75,0.75,0.1653019
0.2,0.7,0.65,0.45,0.7,0.75,0.165299
0.2,0.6,0.55,0.5,0.75,0.7,0.1652672
0.2,0.65,0.6,0.5,0.7,0.7,0.1652376
0.25,0.65,0.5,0.5,0.75,0.75,0.1651976
0.2,0.7,0.55,0.45,0.65,0.75,0.165176
0.2,0.7,0.6,0.4,0.65,0.75,0.1651662
0.15,0.7,0.55,0.4,0.7,0.8,0.1651585
0.2,0.65,0.65,0.45,0.7,0.7,0.1651323
0.2,0.65,0.5,0.4,0.6,0.7,0.1650782
0.2,0.6,0.65,0.4,0.75,0.7,0.1650721
0.15,0.7,0.55,0.45,0.55,0.7,0.1650307
0.25,0.65,0.5,0.4,0.7,0.75,0.1650161
0.2,0.6,0.5,0.45,0.7,0.7,0.1649913
0.15,0.7,0.5,0.4,0.5,0.7,0.1649694
0.2,0.65,0.55,0.5,0.75,0.75,0.16495
0.15,0.7,0.6,0.4,0.55,0.7,0.1649255
0.2,0.65,0.65,0.4,0.75,0.75,0.1649191
0.2,0.7,0.6,0.45,0.75,0.8,0.1648439
0.15,0.7,0.5,0.45,0.7,0.8,0.1647433
0.2,0.65,0.55,0.4,0.7,0.75,0.1647105
0.2,0.65,0.5,0.5,0.65,0.7,0.1646958
0.25,0.7,0.5,0.5,0.75,0.8,0.1646089
0.2,0.7,0.65,0.4,0.75,0.8,0.164569
0.15,0.7,0.6,0.5,0.6,0.7,0.1645505
0.2,0.7,0.5,0.4,0.6,0.75,0.1644719
0.15,0.65,0.5,0.4,0.75,0.8,0.164469
0.2,0.7,0.55,0.5,0.75,0.8,0.1644571
0.2,0.7,0.5,0.5,0.65,0.75,0.1644359
0.15,0.7,0.65,0.45,0.6,0.7,0.1644353
0.2,0.6,0.5,0.4,0.75,0.75,0.1643772
0.25,0.7,0.55,0.4,0.55,0.7,0.1643462
0.2,0.65,0.5,0.45,0.7,0.75,0.1643423
0.15,0.7,0.5,0.5,0.55,0.7,0.1642651
0.25,0.7,0.6,0.45,0.6,0.7,0.1642324
0.15,0.65,0.6,0.45,0.65,0.7,0.1642245
0.15,0.65,0.55,0.4,0.6,0.7,0.1641775
0.15,0.7,0.6,0.45,0.65,0.75,0.1641767
0.15,0.6,0.6,0.5,0.75,0.7,0.1641654
0.15,0.6,0.55,0.45,0.7,0.7,0.1641607
0.25,0.7,0.5,0.4,0.7,0.8,0.1641412
0.15,0.7,0.65,0.5,0.7,0.75,0.1640656
0.15,0.6,0.65,0.45,0.75,0.7,0.1640606
0.15,0.6,0.6,0.4,0.7,0.7,0.1640544
0.25,0.7,0.5,0.45,0.55,0.7,0.1640268
0.15,0.65,0.6,0.5,0.75,0.75,0.1640206
0.15,0.65,0.65,0.45,0.75,0.75,0.1639982
0.2,0.7,0.55,0.4,0.7,0.8,0.1639535
0.25,0.7,0.55,0.5,0.6,0.7,0.1639325
0.15,0.65,0.55,0.5,0.65,0.7,0.1639106
0.15,0.65,0.5,0.45,0.6,0.7,0.1638418
0.15,0.7,0.55,0.5,0.65,0.75,0.1638137
0.25,0.6,0.6,0.45,0.75,0.7,0.1638074
0.15,0.65,0.65,0.5,0.7,0.7,0.1637771
0.15,0.7,0.65,0.4,0.65,0.75,0.1637735
0.15,0.7,0.55,0.4,0.6,0.75,0.1637729
0.25,0.7,0.6,0.5,0.7,0.75,0.1637434
0.15,0.7,0.65,0.45,0.75,0.8,0.163736
0.25,0.7,0.65,0.45,0.7,0.75,0.1637159
0.25,0.7,0.65,0.4,0.6,0.7,0.1637046
0.15,0.6,0.55,0.4,0.75,0.75,0.163689
0.15,0.7,0.6,0.5,0.75,0.8,0.1636861
0.15,0.65,0.65,0.4,0.65,0.7,0.1636833
0.25,0.65,0.6,0.45,0.75,0.75,0.163681
0.15,0.65,0.55,0.45,0.7,0.75,0.1636801
0.15,0.65,0.6,0.4,0.7,0.75,0.1636653
0.25,0.7,0.65,0.5,0.65,0.7,0.1636618
0.2,0.7,0.55,0.45,0.55,0.7,0.1636093
0.25,0.65,0.55,0.45,0.65,0.7,0.1636035
0.15,0.6,0.5,0.4,0.65,0.7,0.163582
0.2,0.7,0.5,0.45,0.7,0.8,0.1635515
0.25,0.7,0.55,0.45,0.65,0.75,0.1635211
0.25,0.65,0.6,0.5,0.7,0.7,0.1635161
0.25,0.6,0.55,0.5,0.75,0.7,0.1635153
0.25,0.7,0.6,0.4,0.65,0.75,0.1635014
0.2,0.7,0.6,0.4,0.55,0.7,0.1634972
0.2,0.7,0.5,0.4,0.5,0.7,0.1634944
0.25,0.65,0.6,0.4,0.65,0.7,0.1634915
0.25,0.6,0.55,0.4,0.7,0.7,0.1634306
0.15,0.6,0.5,0.5,0.7,0.7,0.1634231
0.25,0.65,0.65,0.45,0.7,0.7,0.1634047
0.15,0.7,0.5,0.45,0.6,0.75,0.1633881
0.25,0.7,0.6,0.45,0.75,0.8,0.1633635
0.25,0.65,0.55,0.5,0.75,0.75,0.1633446
0.15,0.6,0.5,0.45,0.75,0.75,0.1633231
0.25,0.6,0.65,0.4,0.75,0.7,0.1633079
0.25,0.65,0.65,0.4,0.75,0.75,0.1632985
0.2,0.65,0.5,0.4,0.75,0.8,0.1632451
0.2,0.7,0.6,0.5,0.6,0.7,0.1631987
0.15,0.7,0.5,0.4,0.75,0.85,0.1631615
0.25,0.65,0.5,0.4,0.6,0.7,0.1631518
0.25,0.6,0.5,0.45,0.7,0.7,0.1631258
0.15,0.7,0.6,0.4,0.7,0.8,0.1631005
0.25,0.7,0.65,0.4,0.75,0.8,0.1630859
0.2,0.7,0.65,0.45,0.6,0.7,0.1630786
0.15,0.7,0.55,0.45,0.7,0.8,0.1630383
0.25,0.65,0.55,0.4,0.7,0.75,0.1630034
0.25,0.7,0.55,0.5,0.75,0.8,0.1629916
0.15,0.65,0.5,0.5,0.7,0.75,0.1629411
0.2,0.7,0.6,0.45,0.65,0.75,0.1629005
0.25,0.65,0.5,0.5,0.65,0.7,0.1628921
0.2,0.7,0.5,0.5,0.55,0.7,0.1628652
0.2,0.7,0.65,0.5,0.7,0.75,0.1628542
0.2,0.65,0.6,0.45,0.65,0.7,0.1628171
0.2,0.6,0.6,0.5,0.75,0.7,0.1628154
0.25,0.7,0.5,0.5,0.65,0.75,0.1628059
0.2,0.65,0.6,0.5,0.75,0.75,0.1627808
0.25,0.7,0.5,0.4,0.6,0.75,0.1627532
0.2,0.65,0.65,0.45,0.75,0.75,0.1627531
0.15,0.65,0.5,0.4,0.65,0.75,0.1627525
0.2,0.6,0.55,0.45,0.7,0.7,0.1627191
0.15,0.65,0.55,0.4,0.75,0.8,0.1627077
0.2,0.6,0.65,0.45,0.75,0.7,0.1627063
0.2,0.65,0.55,0.4,0.6,0.7,0.162692
0.25,0.65,0.5,0.45,0.7,0.75,0.1626532
0.25,0.6,0.5,0.4,0.75,0.75,0.1626485
0.2,0.6,0.6,0.4,0.7,0.7,0.1626071
0.15,0.7,0.55,0.4,0.5,0.7,0.1626059
0.2,0.7,0.65,0.45,0.75,0.8,0.1625952
0.2,0.7,0.6,0.5,0.75,0.8,0.1625519
0.2,0.7,0.55,0.5,0.65,0.75,0.16255
0.2,0.65,0.55,0.5,0.65,0.7,0.1625161
0.2,0.7,0.65,0.4,0.65,0.75,0.1624968
0.2,0.65,0.65,0.5,0.7,0.7,0.1624572
0.2,0.7,0.55,0.4,0.6,0.75,0.1624426
0.25,0.7,0.55,0.4,0.7,0.8,0.1624117
0.15,0.7,0.6,0.45,0.55,0.7,0.1623929
0.2,0.65,0.55,0.45,0.7,0.75,0.1623715
0.2,0.65,0.5,0.45,0.6,0.7,0.1623714
0.2,0.6,0.55,0.4,0.75,0.75,0.1623496
0.2,0.65,0.6,0.4,0.7,0.75,0.1623495
0.15,0.65,0.5,0.45,0.75,0.8,0.162309
0.15,0.7,0.5,0.5,0.7,0.8,0.1623053
0.2,0.65,0.65,0.4,0.65,0.7,0.162279
0.15,0.7,0.5,0.45,0.5,0.7,0.1622686
0.15,0.7,0.55,0.5,0.55,0.7,0.162082
0.2,0.7,0.5,0.45,0.6,0.75,0.162073
0.2,0.7,0.5,0.4,0.75,0.85,0.1620574
0.2,0.6,0.5,0.4,0.65,0.7,0.162057
0.25,0.7,0.5,0.45,0.7,0.8,0.162027
0.2,0.6,0.5,0.5,0.7,0.7,0.1620017
0.2,0.6,0.5,0.45,0.75,0.75,0.161997
0.2,0.7,0.6,0.4,0.7,0.8,0.1619089
0.2,0.7,0.55,0.45,0.7,0.8,0.1618544
0.15,0.7,0.65,0.4,0.55,0.7,0.1618367
0.15,0.7,0.5,0.4,0.65,0.8,0.161809
0.25,0.7,0.55,0.45,0.55,0.7,0.1617938
0.15,0.7,0.65,0.5,0.6,0.7,0.1617135
0.25,0.65,0.5,0.4,0.75,0.8,0.1616807
0.25,0.7,0.6,0.4,0.55,0.7,0.1616734
0.15,0.7,0.55,0.4,0.75,0.85,0.1616523
0.2,0.65,0.5,0.5,0.7,0.75,0.1616511
0.25,0.7,0.5,0.4,0.5,0.7,0.1616061
0.15,0.7,0.6,0.5,0.65,0.75,0.1616027
0.15,0.7,0.65,0.45,0.65,0.75,0.161568
0.15,0.65,0.65,0.5,0.75,0.75,0.1615397
0.15,0.6,0.6,0.45,0.7,0.7,0.1615228
0.15,0.65,0.55,0.45,0.6,0.7,0.161522
0.2,0.65,0.55,0.4,0.75,0.8,0.1614932
0.15,0.7,0.65,0.5,0.75,0.8,0.1614919
0.25,0.7,0.6,0.5,0.6,0.7,0.1614759
0.15,0.7,0.55,0.45,0.6,0.75,0.1614089
0.15,0.65,0.6,0.4,0.6,0.7,0.1613995
0.15,0.7,0.6,0.4,0.6,0.75,0.1613869
0.2,0.65,0.5,0.4,0.65,0.75,0.1613862
0.15,0.6,0.65,0.5,0.75,0.7,0.1613805
0.15,0.65,0.6,0.5,0.65,0.7,0.1613765
0.15,0.65,0.6,0.45,0.7,0.75,0.1613738
0.25,0.7,0.65,0.45,0.6,0.7,0.1613499
0.15,0.6,0.55,0.45,0.75,0.75,0.1613422
0.15,0.6,0.6,0.4,0.75,0.75,0.1613195
0.25,0.7,0.65,0.5,0.7,0.75,0.1613104
0.25,0.7,0.6,0.45,0.65,0.75,0.1612717
0.15,0.65,0.65,0.45,0.65,0.7,0.1612496
0.15,0.7,0.5,0.45,0.75,0.85,0.1612301
0.15,0.6,0.55,0.5,0.7,0.7,0.1612232
0.25,0.65,0.6,0.5,0.75,0.75,0.161201
0.25,0.65,0.65,0.45,0.75,0.75,0.1611665
0.15,0.6,0.55,0.4,0.65,0.7,0.1611579
0.2,0.7,0.55,0.4,0.5,0.7,0.16115
0.25,0.7,0.65,0.45,0.75,0.8,0.16114
0.2,0.7,0.5,0.5,0.7,0.8,0.1611385
0.2,0.65,0.5,0.45,0.75,0.8,0.1611069
0.15,0.65,0.5,0.4,0.55,0.7,0.161105
0.25,0.7,0.6,0.5,0.75,0.8,0.1611045
0.25,0.6,0.6,0.5,0.75,0.7,0.1610988
0.25,0.7,0.5,0.5,0.55,0.7,0.161078
0.15,0.7,0.6,0.45,0.7,0.8,0.1610358
0.15,0.65,0.55,0.5,0.7,0.75,0.1610266
0.25,0.65,0.6,0.45,0.65,0.7,0.1610247
0.2,0.7,0.6,0.45,0.55,0.7,0.1609983
0.25,0.6,0.65,0.45,0.75,0.7,0.1609851
0.15,0.6,0.65,0.4,0.7,0.7,0.1609822
0.15,0.65,0.65,0.4,0.7,0.75,0.1609637
0.25,0.7,0.55,0.5,0.65,0.75,0.1609374
0.25,0.6,0.55,0.45,0.7,0.7,0.1608837
0.25,0.7,0.65,0.4,0.65,0.75,0.1608677
0.15,0.6,0.5,0.45,0.65,0.7,0.1608401
0.2,0.7,0.5,0.45,0.5,0.7,0.1608284
0.25,0.65,0.55,0.4,0.6,0.7,0.160797
0.25,0.65,0.65,0.5,0.7,0.7,0.160778
0.15,0.65,0.5,0.5,0.6,0.7,0.1607768
0.25,0.6,0.6,0.4,0.7,0.7,0.1607653
0.25,0.7,0.55,0.4,0.6,0.75,0.1607424
0.15,0.7,0.65,0.4,0.7,0.8,0.1607415
0.25,0.65,0.55,0.5,0.65,0.7,0.16074
0.25,0.65,0.55,0.45,0.7,0.75,0.1607026
0.2,0.7,0.55,0.5,0.55,0.7,0.1607004
0.15,0.65,0.55,0.4,0.65,0.75,0.1606791
0.25,0.65,0.6,0.4,0.7,0.75,0.1606721
0.15,0.7,0.5,0.5,0.6,0.75,0.1606625
0.15,0.7,0.55,0.5,0.7,0.8,0.1606513
0.15,0.7,0.5,0.4,0.55,0.75,0.1606483
0.25,0.7,0.5,0.4,0.75,0.85,0.1606453
0.15,0.65,0.6,0.4,0.75,0.8,0.1606436
0.25,0.6,0.55,0.4,0.75,0.75,0.1606434
0.15,0.6,0.5,0.5,0.75,0.75,0.1606251
0.15,0.65,0.55,0.45,0.75,0.8,0.1605928
0.2,0.7,0.5,0.4,0.65,0.8,0.1605872
0.2,0.7,0.55,0.4,0.75,0.85,0.1605533
0.25,0.65,0.5,0.45,0.6,0.7,0.160496
0.25,0.65,0.65,0.4,0.65,0.7,0.1604899
0.2,0.7,0.65,0.4,0.55,0.7,0.1604442
0.2,0.7,0.65,0.5,0.6,0.7,0.1603939
0.25,0.7,0.5,0.45,0.6,0.75,0.1603915
0.25,0.7,0.6,0.4,0.7,0.8,0.1603861
0.2,0.7,0.65,0.5,0.75,0.8,0.1603751
0.2,0.7,0.6,0.5,0.65,0.75,0.1603581
0.25,0.7,0.55,0.45,0.7,0.8,0.1603417
0.2,0.65,0.65,0.5,0.75,0.75,0.1603245
0.2,0.7,0.65,0.45,0.65,0.75,0.1603174
0.15,0.65,0.5,0.45,0.65,0.75,0.1603125
0.25,0.6,0.5,0.45,0.75,0.75,0.1603073
0.25,0.6,0.5,0.5,0.7,0.7,0.1601928
0.15,0.6,0.5,0.4,0.7,0.75,0.1601511
0.2,0.7,0.5,0.45,0.75,0.85,0.1601432
0.25,0.6,0.5,0.4,0.65,0.7,0.1601135
0.2,0.6,0.6,0.45,0.7,0.7,0.1601113
0.2,0.7,0.55,0.45,0.6,0.75,0.1601066
0.2,0.65,0.6,0.45,0.7,0.75,0.1600862
0.2,0.7,0.6,0.4,0.6,0.75,0.1600773
0.2,0.65,0.55,0.45,0.6,0.7,0.1600737
0.2,0.6,0.65,0.5,0.75,0.7,0.1600635
0.15,0.7,0.55,0.4,0.65,0.8,0.1600471
0.2,0.6,0.55,0.45,0.75,0.75,0.160032
0.2,0.65,0.6,0.5,0.65,0.7,0.1600094
0.25,0.65,0.5,0.5,0.7,0.75,0.1600063
0.2,0.6,0.6,0.4,0.75,0.75,0.1600033
0.15,0.7,0.55,0.45,0.5,0.7,0.1599918
0.2,0.65,0.6,0.4,0.6,0.7,0.1599455
0.25,0.65,0.55,0.4,0.75,0.8,0.1599423
0.15,0.65,0.5,0.5,0.75,0.8,0.1598798
0.2,0.65,0.65,0.45,0.65,0.7,0.1598783
0.2,0.7,0.6,0.45,0.7,0.8,0.1598658
0.15,0.7,0.6,0.4,0.5,0.7,0.1598657
0.15,0.7,0.6,0.4,0.75,0.85,0.1598651
0.2,0.6,0.55,0.5,0.7,0.7,0.1598238
0.15,0.7,0.55,0.45,0.75,0.85,0.159753
0.2,0.65,0.55,0.5,0.7,0.75,0.159751
0.2,0.65,0.65,0.4,0.7,0.75,0.1596767
0.2,0.6,0.55,0.4,0.65,0.7,0.1596581
0.25,0.7,0.5,0.5,0.7,0.8,0.1596478
0.15,0.7,0.5,0.45,0.65,0.8,0.1596448
0.25,0.65,0.5,0.4,0.65,0.75,0.1596412
0.2,0.65,0.5,0.4,0.55,0.7,0.1595893
0.2,0.6,0.65,0.4,0.7,0.7,0.1595742
0.25,0.65,0.5,0.45,0.75,0.8,0.1595725
0.2,0.7,0.65,0.4,0.7,0.8,0.1595692
0.15,0.7,0.6,0.5,0.55,0.7,0.1595578
0.2,0.7,0.55,0.5,0.7,0.8,0.1594926
0.2,0.65,0.6,0.4,0.75,0.8,0.1594443
0.15,0.7,0.65,0.45,0.55,0.7,0.1594199
0.2,0.65,0.55,0.45,0.75,0.8,0.1594005
0.2,0.7,0.5,0.5,0.6,0.75,0.1593797
0.2,0.6,0.5,0.45,0.65,0.7,0.1593545
0.2,0.65,0.5,0.5,0.6,0.7,0.1593502
0.2,0.6,0.5,0.5,0.75,0.75,0.1593329
0.2,0.65,0.55,0.4,0.65,0.75,0.1593278
0.2,0.7,0.5,0.4,0.55,0.75,0.1593039
0.25,0.7,0.55,0.4,0.5,0.7,0.1592891
0.15,0.7,0.5,0.5,0.5,0.7,0.1592442
0.25,0.7,0.6,0.45,0.55,0.7,0.1592197
0.25,0.7,0.55,0.4,0.75,0.85,0.1591479
0.15,0.65,0.5,0.4,0.7,0.8,0.1591164
0.15,0.7,0.6,0.45,0.6,0.75,0.159101
0.15,0.7,0.65,0.5,0.65,0.75,0.1590922
0.15,0.7,0.5,0.5,0.75,0.85,0.15905
0.15,0.6,0.6,0.45,0.75,0.75,0.1590492
0.25,0.7,0.5,0.4,0.65,0.8,0.1590239
0.25,0.7,0.5,0.45,0.5,0.7,0.1589878
0.2,0.65,0.5,0.45,0.65,0.75,0.1589757
0.25,0.7,0.65,0.5,0.75,0.8,0.1589518
0.25,0.7,0.55,0.5,0.55,0.7,0.1589388
0.15,0.65,0.6,0.45,0.6,0.7,0.1588503
0.2,0.7,0.55,0.4,0.65,0.8,0.1588336
0.15,0.65,0.6,0.5,0.7,0.75,0.1588063
0.25,0.65,0.65,0.5,0.75,0.75,0.1587778
0.2,0.7,0.6,0.4,0.75,0.85,0.1587755
0.2,0.6,0.5,0.4,0.7,0.75,0.1587745
0.25,0.7,0.6,0.5,0.65,0.75,0.1587712
0.15,0.65,0.65,0.45,0.7,0.75,0.1587616
0.15,0.7,0.55,0.5,0.6,0.75,0.1587556
0.25,0.7,0.5,0.45,0.75,0.85,0.1587532
0.15,0.7,0.65,0.45,0.7,0.8,0.1587444
0.25,0.7,0.65,0.45,0.65,0.75,0.1587231
0.15,0.6,0.55,0.5,0.75,0.75,0.1587154
0.25,0.7,0.65,0.5,0.6,0.7,0.1587138
0.15,0.7,0.6,0.5,0.7,0.8,0.1587131
0.2,0.65,0.5,0.5,0.75,0.8,0.158704
0.15,0.6,0.6,0.5,0.7,0.7,0.158698
0.15,0.65,0.55,0.4,0.55,0.7,0.1586827
0.15,0.7,0.65,0.4,0.6,0.75,0.1586753
0.2,0.7,0.55,0.45,0.75,0.85,0.1586705
0.25,0.7,0.65,0.4,0.55,0.7,0.158669
0.15,0.6,0.65,0.4,0.75,0.75,0.15864
0.15,0.7,0.55,0.4,0.55,0.75,0.1586047
0.15,0.65,0.6,0.45,0.75,0.8,0.158586
0.2,0.7,0.55,0.45,0.5,0.7,0.1585707
0.15,0.6,0.65,0.45,0.7,0.7,0.1585655
0.15,0.65,0.55,0.5,0.6,0.7,0.1585575
0.15,0.65,0.65,0.5,0.65,0.7,0.1585292
0.15,0.6,0.55,0.45,0.65,0.7,0.1585075
0.25,0.65,0.6,0.45,0.7,0.75,0.1584461
0.2,0.7,0.5,0.45,0.65,0.8,0.1584446
0.25,0.7,0.55,0.45,0.6,0.75,0.1584439
0.2,0.7,0.6,0.4,0.5,0.7,0.1584385
0.25,0.7,0.6,0.4,0.6,0.75,0.1584053
0.25,0.6,0.65,0.5,0.75,0.7,0.1583906
0.15,0.6,0.6,0.4,0.65,0.7,0.158374
0.25,0.7,0.6,0.45,0.7,0.8,0.1583722
0.15,0.65,0.5,0.45,0.55,0.7,0.1583674
0.25,0.6,0.55,0.45,0.75,0.75,0.1583646
0.25,0.6,0.6,0.4,0.75,0.75,0.1583275
0.25,0.6,0.6,0.45,0.7,0.7,0.1583172
0.15,0.65,0.55,0.45,0.65,0.75,0.1583051
0.15,0.65,0.65,0.4,0.75,0.8,0.1582859
0.15,0.65,0.65,0.4,0.6,0.7,0.1582807
0.25,0.65,0.6,0.5,0.65,0.7,0.1582702
0.15,0.65,0.6,0.4,0.65,0.75,0.1582684
0.15,0.7,0.5,0.45,0.55,0.75,0.1582368
0.25,0.65,0.55,0.45,0.6,0.7,0.158229
0.15,0.65,0.55,0.5,0.75,0.8,0.1582165
0.2,0.7,0.6,0.5,0.55,0.7,0.158202
0.25,0.65,0.65,0.45,0.65,0.7,0.1581338
0.25,0.65,0.55,0.5,0.7,0.75,0.1581261
0.25,0.65,0.6,0.4,0.6,0.7,0.1580933
0.25,0.7,0.65,0.4,0.7,0.8,0.1580739
0.15,0.6,0.55,0.4,0.7,0.75,0.1580711
0.2,0.7,0.65,0.45,0.55,0.7,0.1580599
0.25,0.6,0.55,0.5,0.7,0.7,0.1580448
0.25,0.65,0.65,0.4,0.7,0.75,0.158037
0.15,0.7,0.5,0.4,0.7,0.85,0.1580359
0.25,0.7,0.55,0.5,0.7,0.8,0.1580142
0.15,0.7,0.6,0.45,0.75,0.85,0.1580076
0.2,0.7,0.5,0.5,0.75,0.85,0.1579829
0.15,0.7,0.6,0.4,0.65,0.8,0.1579739
0.15,0.7,0.55,0.45,0.65,0.8,0.157929
0.25,0.65,0.6,0.4,0.75,0.8,0.1579145
0.25,0.65,0.55,0.45,0.75,0.8,0.15788
0.2,0.65,0.5,0.4,0.7,0.8,0.1578779
0.2,0.7,0.65,0.5,0.65,0.75,0.1578721
0.2,0.7,0.5,0.5,0.5,0.7,0.157845
0.2,0.7,0.6,0.45,0.6,0.75,0.1578188
0.15,0.7,0.65,0.4,0.75,0.85,0.1578038
0.15,0.6,0.5,0.5,0.65,0.7,0.1577848
0.25,0.6,0.65,0.4,0.7,0.7,0.1577844
0.2,0.6,0.6,0.45,0.75,0.75,0.1577617
0.25,0.6,0.55,0.4,0.65,0.7,0.1577497
0.25,0.7,0.5,0.5,0.6,0.75,0.1577419
0.15,0.6,0.5,0.4,0.6,0.7,0.1577331
0.15,0.6,0.5,0.45,0.7,0.75,0.1577215
0.25,0.6,0.5,0.5,0.75,0.75,0.1576881
0.25,0.65,0.5,0.4,0.55,0.7,0.1576548
0.15,0.7,0.55,0.5,0.75,0.85,0.1576104
0.25,0.65,0.55,0.4,0.65,0.75,0.1576047
0.2,0.7,0.65,0.45,0.7,0.8,0.1575938
0.25,0.7,0.5,0.4,0.55,0.75,0.1575833
0.15,0.65,0.5,0.5,0.65,0.75,0.157579
0.2,0.7,0.6,0.5,0.7,0.8,0.1575686
0.2,0.65,0.6,0.5,0.7,0.75,0.1575515
0.25,0.65,0.5,0.5,0.6,0.7,0.1575328
0.2,0.65,0.65,0.45,0.7,0.75,0.1575016
0.2,0.7,0.55,0.5,0.6,0.75,0.157486
0.25,0.6,0.5,0.45,0.65,0.7,0.1574641
0.2,0.6,0.55,0.5,0.75,0.75,0.1574393
0.2,0.65,0.6,0.45,0.6,0.7,0.1574324
0.2,0.65,0.6,0.45,0.75,0.8,0.157409
0.2,0.7,0.65,0.4,0.6,0.75,0.1573931
0.25,0.7,0.6,0.4,0.75,0.85,0.1573834
0.15,0.7,0.6,0.45,0.5,0.7,0.1573566
0.2,0.6,0.65,0.4,0.75,0.75,0.1573532
0.15,0.65,0.55,0.4,0.7,0.8,0.1573331
0.2,0.6,0.6,0.5,0.7,0.7,0.1573277
0.25,0.7,0.55,0.45,0.75,0.85,0.1572882
0.25,0.7,0.55,0.4,0.65,0.8,0.1572821
0.2,0.7,0.55,0.4,0.55,0.75,0.1572734
0.25,0.65,0.5,0.45,0.65,0.75,0.1572702
0.15,0.65,0.5,0.4,0.6,0.75,0.1572143
0.15,0.7,0.5,0.5,0.65,0.8,0.1572079
0.25,0.65,0.5,0.5,0.75,0.8,0.1572048
0.2,0.65,0.65,0.5,0.65,0.7,0.1571961
0.2,0.6,0.65,0.45,0.7,0.7,0.1571917
0.2,0.65,0.55,0.4,0.55,0.7,0.1571908
0.2,0.65,0.55,0.5,0.6,0.7,0.1571522
0.2,0.65,0.65,0.4,0.75,0.8,0.1571079
0.15,0.7,0.55,0.5,0.5,0.7,0.157066
0.2,0.65,0.55,0.5,0.75,0.8,0.1570503
0.2,0.6,0.55,0.45,0.65,0.7,0.1570467
0.25,0.6,0.5,0.4,0.7,0.75,0.1570202
0.2,0.65,0.55,0.45,0.65,0.75,0.1569839
0.15,0.65,0.5,0.45,0.7,0.8,0.1569482
0.2,0.65,0.6,0.4,0.65,0.75,0.1569408
0.2,0.7,0.6,0.45,0.75,0.85,0.1569354
0.2,0.7,0.5,0.4,0.7,0.85,0.156924
0.2,0.7,0.5,0.45,0.55,0.75,0.1569196
0.25,0.7,0.5,0.45,0.65,0.8,0.1569106
0.2,0.6,0.6,0.4,0.65,0.7,0.1569082
0.15,0.6,0.5,0.4,0.75,0.8,0.1568998
0.2,0.65,0.5,0.45,0.55,0.7,0.1568901
0.2,0.65,0.65,0.4,0.6,0.7,0.1568666
0.15,0.7,0.65,0.4,0.5,0.7,0.1567785
0.2,0.7,0.6,0.4,0.65,0.8,0.1567751
0.25,0.7,0.55,0.45,0.5,0.7,0.1567572
0.2,0.7,0.55,0.45,0.65,0.8,0.1567375
0.2,0.7,0.65,0.4,0.75,0.85,0.1567288
0.15,0.7,0.65,0.5,0.55,0.7,0.1567137
0.2,0.6,0.55,0.4,0.7,0.75,0.156712
0.25,0.7,0.5,0.5,0.75,0.85,0.1566197
0.25,0.7,0.6,0.4,0.5,0.7,0.1566168
0.15,0.7,0.5,0.4,0.6,0.8,0.1565675
0.2,0.7,0.55,0.5,0.75,0.85,0.1565487
0.15,0.7,0.6,0.5,0.6,0.75,0.1565359
0.15,0.7,0.55,0.4,0.7,0.85,0.1565162
0.15,0.6,0.6,0.5,0.75,0.75,0.1565087
0.15,0.7,0.65,0.5,0.7,0.8,0.1564987
0.15,0.7,0.65,0.45,0.6,0.75,0.1564803
0.25,0.7,0.6,0.5,0.55,0.7,0.1564759
0.15,0.6,0.65,0.45,0.75,0.75,0.1564583
0.2,0.6,0.5,0.45,0.7,0.75,0.1563758
0.2,0.6,0.5,0.5,0.65,0.7,0.1563446
0.25,0.7,0.65,0.45,0.55,0.7,0.1563283
0.25,0.7,0.65,0.5,0.65,0.75,0.1563185
0.15,0.65,0.65,0.45,0.75,0.8,0.1562971
0.25,0.65,0.5,0.4,0.7,0.8,0.1562968
0.15,0.65,0.65,0.5,0.7,0.75,0.1562939
0.2,0.65,0.5,0.5,0.65,0.75,0.1562766
0.15,0.65,0.6,0.5,0.75,0.8,0.1562753
0.15,0.7,0.55,0.45,0.55,0.75,0.1562587
0.15,0.7,0.6,0.4,0.55,0.75,0.1562176
0.2,0.6,0.5,0.4,0.6,0.7,0.1561929
0.25,0.7,0.6,0.45,0.6,0.75,0.1561838
0.25,0.7,0.65,0.45,0.7,0.8,0.1561265
0.25,0.6,0.6,0.45,0.75,0.75,0.156124
0.25,0.7,0.6,0.5,0.7,0.8,0.1561093
0.15,0.7,0.5,0.45,0.7,0.85,0.1561061
0.2,0.65,0.55,0.4,0.7,0.8,0.156105
0.25,0.7,0.5,0.5,0.5,0.7,0.1560598
0.15,0.65,0.55,0.45,0.55,0.7,0.1560391
0.2,0.7,0.5,0.5,0.65,0.8,0.1560336
0.15,0.65,0.6,0.5,0.6,0.7,0.1560047
0.15,0.7,0.65,0.45,0.75,0.85,0.1559984
0.15,0.65,0.6,0.45,0.65,0.75,0.1559762
0.2,0.7,0.6,0.45,0.5,0.7,0.1559629
0.25,0.65,0.6,0.5,0.7,0.75,0.1559549
0.15,0.7,0.6,0.45,0.65,0.8,0.1559151
0.15,0.7,0.6,0.5,0.75,0.85,0.155914
0.25,0.65,0.6,0.45,0.75,0.8,0.1559098
0.25,0.65,0.65,0.45,0.7,0.75,0.1558987
0.15,0.65,0.6,0.4,0.55,0.7,0.1558925
0.15,0.6,0.65,0.5,0.7,0.7,0.1558681
0.25,0.7,0.55,0.5,0.6,0.75,0.1558668
0.15,0.65,0.65,0.45,0.6,0.7,0.1558524
0.2,0.65,0.5,0.4,0.6,0.75,0.1558394
0.15,0.6,0.6,0.45,0.65,0.7,0.1558327
0.25,0.6,0.55,0.5,0.75,0.75,0.1558166
0.25,0.7,0.65,0.4,0.6,0.75,0.1557588
0.2,0.65,0.5,0.45,0.7,0.8,0.155733
0.25,0.6,0.65,0.4,0.75,0.75,0.1557175
0.15,0.6,0.55,0.45,0.7,0.75,0.1557094
0.15,0.65,0.5,0.4,0.75,0.85,0.1557005
0.2,0.7,0.55,0.5,0.5,0.7,0.1556854
0.15,0.6,0.6,0.4,0.7,0.75,0.1556632
0.2,0.6,0.5,0.4,0.75,0.8,0.1556565
0.15,0.65,0.55,0.5,0.65,0.75,0.1556475
0.25,0.65,0.6,0.45,0.6,0.7,0.155629
0.25,0.65,0.65,0.4,0.75,0.8,0.1556072
0.15,0.7,0.65,0.4,0.65,0.8,0.1556005
0.25,0.6,0.6,0.5,0.7,0.7,0.1555877
0.25,0.7,0.55,0.4,0.55,0.75,0.1555721
0.25,0.7,0.6,0.45,0.75,0.85,0.1555667
0.25,0.65,0.55,0.5,0.75,0.8,0.1555655
0.15,0.6,0.55,0.5,0.65,0.7,0.1555554
0.15,0.7,0.55,0.5,0.65,0.8,0.1555463
0.15,0.65,0.65,0.4,0.65,0.75,0.1555407
0.15,0.7,0.5,0.5,0.55,0.75,0.1555288
0.15,0.65,0.5,0.4,0.5,0.7,0.1555272
0.25,0.65,0.65,0.5,0.65,0.7,0.1555026
0.25,0.7,0.5,0.4,0.7,0.85,0.1555011
0.25,0.6,0.65,0.45,0.7,0.7,0.1554476
0.15,0.7,0.5,0.4,0.5,0.75,0.155436
0.2,0.7,0.55,0.4,0.7,0.85,0.1554092
0.2,0.7,0.65,0.5,0.55,0.7,0.1553915
0.2,0.7,0.65,0.4,0.5,0.7,0.1553881
0.2,0.7,0.65,0.5,0.7,0.8,0.1553732
0.25,0.65,0.55,0.5,0.6,0.7,0.1553643
0.25,0.7,0.65,0.4,0.75,0.85,0.1553567
0.2,0.7,0.5,0.4,0.6,0.8,0.1553427
0.15,0.65,0.5,0.5,0.55,0.7,0.1553131
0.25,0.65,0.55,0.45,0.65,0.75,0.1553011
0.25,0.65,0.55,0.4,0.55,0.7,0.1552897
0.2,0.7,0.6,0.5,0.6,0.75,0.155286
0.15,0.6,0.55,0.4,0.6,0.7,0.1552836
0.15,0.6,0.65,0.4,0.65,0.7,0.1552601
0.2,0.6,0.6,0.5,0.75,0.75,0.1552542
0.25,0.65,0.6,0.4,0.65,0.75,0.1552493
0.15,0.65,0.6,0.4,0.7,0.8,0.1552453
0.25,0.7,0.6,0.4,0.65,0.8,0.1552443
0.25,0.7,0.5,0.45,0.55,0.75,0.1552374
0.2,0.7,0.65,0.45,0.6,0.75,0.1552254
0.25,0.7,0.55,0.45,0.65,0.8,0.1552167
0.15,0.65,0.55,0.45,0.7,0.8,0.1552136
0.2,0.6,0.65,0.45,0.75,0.75,0.1551999
0.25,0.7,0.55,0.5,0.75,0.85,0.155194
0.25,0.6,0.55,0.45,0.65,0.7,0.1551907
0.2,0.65,0.65,0.45,0.75,0.8,0.1551413
0.15,0.65,0.55,0.4,0.6,0.75,0.1551294
0.2,0.65,0.6,0.5,0.75,0.8,0.155125
0.15,0.6,0.55,0.4,0.75,0.8,0.1551156
0.25,0.65,0.65,0.4,0.6,0.7,0.1550677
0.2,0.65,0.65,0.5,0.7,0.75,0.1550656
0.25,0.6,0.6,0.4,0.65,0.7,0.1550462
0.2,0.7,0.5,0.45,0.7,0.85,0.1550109
0.25,0.65,0.5,0.45,0.55,0.7,0.1550085
0.15,0.6,0.5,0.5,0.7,0.75,0.155005
0.15,0.6,0.5,0.45,0.6,0.7,0.1549876
0.25,0.6,0.55,0.4,0.7,0.75,0.1549829
0.2,0.7,0.55,0.45,0.55,0.75,0.154955
0.2,0.7,0.65,0.45,0.75,0.85,0.1549404
0.2,0.7,0.6,0.4,0.55,0.75,0.1549069
0.2,0.7,0.6,0.5,0.75,0.85,0.1548624
0.15,0.7,0.55,0.4,0.6,0.8,0.154805
0.15,0.65,0.5,0.45,0.6,0.75,0.1547812
0.15,0.6,0.5,0.45,0.75,0.8,0.1547469
0.2,0.7,0.6,0.45,0.65,0.8,0.1547386
0.15,0.7,0.6,0.4,0.7,0.85,0.1547176
0.2,0.65,0.6,0.45,0.65,0.75,0.1546779
0.25,0.6,0.5,0.45,0.7,0.75,0.1546636
0.2,0.65,0.6,0.5,0.6,0.7,0.1546286
0.15,0.7,0.55,0.45,0.7,0.85,0.1546201
0.25,0.65,0.5,0.5,0.65,0.75,0.1546183
0.2,0.65,0.55,0.45,0.55,0.7,0.1545858
0.2,0.65,0.5,0.4,0.75,0.85,0.1545772
0.15,0.7,0.6,0.5,0.5,0.7,0.154548
0.25,0.65,0.55,0.4,0.7,0.8,0.1545389
0.25,0.7,0.5,0.5,0.65,0.8,0.154535
0.2,0.6,0.65,0.5,0.7,0.7,0.1545339
0.25,0.6,0.5,0.5,0.65,0.7,0.1545153
0.15,0.65,0.5,0.5,0.7,0.8,0.1545121
0.2,0.65,0.65,0.45,0.6,0.7,0.1544734
0.2,0.65,0.6,0.4,0.55,0.7,0.1544342
0.2,0.7,0.65,0.4,0.65,0.8,0.1544226
0.15,0.7,0.5,0.45,0.6,0.8,0.1544176
0.2,0.6,0.6,0.45,0.65,0.7,0.1544051
0.15,0.7,0.65,0.45,0.5,0.7,0.1543891
0.2,0.6,0.55,0.45,0.7,0.75,0.1543815
0.2,0.7,0.55,0.5,0.65,0.8,0.1543811
0.2,0.65,0.55,0.5,0.65,0.75,0.154361
0.2,0.6,0.6,0.4,0.7,0.75,0.1543296
0.15,0.6,0.5,0.4,0.65,0.75,0.1542993
0.2,0.7,0.5,0.5,0.55,0.75,0.1542445
0.2,0.65,0.65,0.4,0.65,0.75,0.1542433
0.25,0.6,0.5,0.4,0.6,0.7,0.1542329
0.25,0.7,0.6,0.45,0.5,0.7,0.1541881
0.25,0.65,0.5,0.45,0.7,0.8,0.1541833
0.15,0.65,0.55,0.4,0.75,0.85,0.1541666
0.2,0.6,0.55,0.5,0.65,0.7,0.1541399
0.2,0.7,0.5,0.4,0.5,0.75,0.1540957
0.25,0.65,0.5,0.4,0.6,0.75,0.1540855
0.25,0.6,0.5,0.4,0.75,0.8,0.1540715
0.15,0.65,0.65,0.5,0.75,0.8,0.1540643
0.2,0.65,0.6,0.4,0.7,0.8,0.1540341
0.15,0.7,0.65,0.5,0.6,0.75,0.1540181
0.15,0.6,0.65,0.5,0.75,0.75,0.1540175
0.2,0.65,0.5,0.4,0.5,0.7,0.1540119
0.2,0.65,0.55,0.45,0.7,0.8,0.1540091
0.25,0.7,0.55,0.4,0.7,0.85,0.1539943
0.15,0.7,0.65,0.5,0.75,0.85,0.1539647
0.15,0.7,0.6,0.45,0.55,0.75,0.1539524
0.25,0.7,0.65,0.5,0.7,0.8,0.1539397
0.15,0.7,0.5,0.5,0.7,0.85,0.1539283
0.25,0.7,0.55,0.5,0.5,0.7,0.1539266
0.2,0.6,0.55,0.4,0.75,0.8,0.1538839
0.2,0.65,0.5,0.5,0.55,0.7,0.1538809
0.2,0.6,0.65,0.4,0.65,0.7,0.153837
0.25,0.7,0.5,0.4,0.6,0.8,0.1537763
0.15,0.65,0.5,0.45,0.75,0.85,0.1537726
0.2,0.6,0.55,0.4,0.6,0.7,0.153771
0.2,0.65,0.55,0.4,0.6,0.75,0.153771
0.25,0.7,0.65,0.5,0.55,0.7,0.1537102
0.2,0.6,0.5,0.5,0.7,0.75,0.1536954
0.25,0.7,0.6,0.5,0.6,0.75,0.153694
0.25,0.65,0.65,0.45,0.75,0.8,0.1536705
0.25,0.6,0.6,0.5,0.75,0.75,0.153661
0.25,0.65,0.6,0.5,0.75,0.8,0.153661
0.25,0.7,0.65,0.45,0.6,0.75,0.1536271
0.15,0.7,0.55,0.5,0.55,0.75,0.153626
0.2,0.7,0.6,0.4,0.7,0.85,0.1536201
0.25,0.7,0.65,0.4,0.5,0.7,0.1536176
0.15,0.7,0.65,0.45,0.65,0.8,0.1536134
0.25,0.7,0.5,0.45,0.7,0.85,0.1536114
0.25,0.6,0.65,0.45,0.75,0.75,0.153601
0.15,0.7,0.6,0.5,0.65,0.8,0.1536007
0.25,0.7,0.65,0.45,0.75,0.85,0.1535919
0.2,0.7,0.55,0.4,0.6,0.8,0.1535881
0.15,0.65,0.5,0.4,0.65,0.8,0.1535514
0.2,0.7,0.55,0.45,0.7,0.85,0.1535306
0.2,0.6,0.5,0.45,0.75,0.8,0.1535273
0.25,0.7,0.6,0.5,0.75,0.85,0.1535218
0.15,0.7,0.65,0.4,0.55,0.75,0.153507
0.25,0.65,0.65,0.5,0.7,0.75,0.1535048
0.2,0.6,0.5,0.45,0.6,0.7,0.1534891
0.2,0.65,0.5,0.45,0.6,0.75,0.153437
0.15,0.65,0.6,0.5,0.65,0.75,0.1534104
0.15,0.7,0.55,0.4,0.5,0.75,0.1534047
0.15,0.6,0.6,0.45,0.7,0.75,0.1533845
0.15,0.65,0.6,0.45,0.55,0.7,0.1533609
0.15,0.65,0.65,0.45,0.65,0.75,0.1533428
0.2,0.65,0.5,0.5,0.7,0.8,0.1533245
0.25,0.7,0.55,0.45,0.55,0.75,0.1532924
0.25,0.7,0.6,0.45,0.65,0.8,0.1532384
0.25,0.7,0.6,0.4,0.55,0.75,0.1532359
0.2,0.7,0.5,0.45,0.6,0.8,0.1532146
0.2,0.7,0.6,0.5,0.5,0.7,0.1531943
0.15,0.65,0.6,0.45,0.7,0.8,0.1531877
0.25,0.65,0.5,0.4,0.75,0.85,0.1531429
0.15,0.65,0.65,0.5,0.6,0.7,0.1531412
0.15,0.65,0.55,0.4,0.5,0.7,0.1531105
0.15,0.65,0.55,0.5,0.55,0.7,0.1530906
0.15,0.6,0.55,0.5,0.7,0.75,0.1530704
0.15,0.7,0.5,0.45,0.5,0.75,0.1530548
0.2,0.65,0.55,0.4,0.75,0.85,0.15305
0.15,0.6,0.6,0.4,0.75,0.8,0.1530352
0.2,0.7,0.65,0.45,0.5,0.7,0.1530319
0.25,0.65,0.6,0.45,0.65,0.75,0.1530261
0.15,0.6,0.55,0.45,0.75,0.8,0.1530125
0.15,0.6,0.6,0.5,0.65,0.7,0.1530018
0.15,0.6,0.65,0.4,0.7,0.75,0.1529473
0.2,0.65,0.65,0.5,0.75,0.8,0.1529347
0.2,0.7,0.65,0.5,0.75,0.85,0.1529273
0.25,0.7,0.65,0.4,0.65,0.8,0.1529208
0.2,0.6,0.5,0.4,0.65,0.75,0.1529079
0.25,0.7,0.55,0.5,0.65,0.8,0.152896
0.25,0.65,0.6,0.5,0.6,0.7,0.152881
0.15,0.7,0.6,0.45,0.7,0.85,0.1528659
0.15,0.65,0.65,0.4,0.7,0.8,0.1528651
0.2,0.7,0.5,0.5,0.7,0.85,0.1528537
0.15,0.6,0.65,0.45,0.65,0.7,0.152842
0.25,0.6,0.65,0.5,0.7,0.7,0.1528418
0.15,0.65,0.55,0.5,0.7,0.8,0.1528345
0.15,0.65,0.5,0.45,0.5,0.7,0.1528164
0.2,0.7,0.65,0.5,0.6,0.75,0.1527944
0.2,0.6,0.65,0.5,0.75,0.75,0.1527911
0.15,0.65,0.65,0.4,0.55,0.7,0.1527667
0.15,0.65,0.55,0.45,0.6,0.75,0.1527665
0.15,0.7,0.5,0.4,0.65,0.85,0.1527498
0.25,0.65,0.55,0.45,0.55,0.7,0.1527363
0.15,0.7,0.6,0.4,0.6,0.8,0.1527309
0.25,0.65,0.55,0.5,0.65,0.75,0.1527245
0.25,0.65,0.65,0.45,0.6,0.7,0.1527212
0.15,0.65,0.6,0.4,0.6,0.75,0.1527086
0.15,0.7,0.55,0.45,0.6,0.8,0.1527033
0.25,0.6,0.55,0.45,0.7,0.75,0.152694
0.2,0.7,0.6,0.45,0.55,0.75,0.1526701
0.2,0.65,0.5,0.45,0.75,0.85,0.1526674
0.15,0.7,0.65,0.4,0.7,0.85,0.1526441
0.15,0.6,0.55,0.45,0.6,0.7,0.152637
0.25,0.6,0.6,0.4,0.7,0.75,0.1526345
0.25,0.7,0.5,0.5,0.55,0.75,0.1526076
0.25,0.6,0.6,0.45,0.65,0.7,0.1525936
0.25,0.65,0.65,0.4,0.65,0.75,0.1525931
0.25,0.65,0.6,0.4,0.55,0.7,0.1525784
0.25,0.65,0.6,0.4,0.7,0.8,0.1524917
0.15,0.7,0.55,0.5,0.7,0.85,0.152483
0.15,0.6,0.6,0.4,0.6,0.7,0.1524769
0.25,0.65,0.55,0.45,0.7,0.8,0.152475
0.2,0.7,0.65,0.45,0.65,0.8,0.1524572
0.2,0.7,0.6,0.5,0.65,0.8,0.1524505
0.25,0.7,0.5,0.4,0.5,0.75,0.1523816
0.15,0.65,0.6,0.4,0.75,0.85,0.1523598
0.2,0.7,0.55,0.5,0.55,0.75,0.1523558
0.25,0.6,0.55,0.5,0.65,0.7,0.1523431
0.15,0.6,0.5,0.5,0.75,0.8,0.1523318
0.25,0.6,0.55,0.4,0.75,0.8,0.1523165
0.2,0.65,0.5,0.4,0.65,0.8,0.1523045
0.15,0.65,0.55,0.45,0.75,0.85,0.1522747
0.2,0.7,0.65,0.4,0.55,0.75,0.1522255
0.25,0.7,0.6,0.4,0.7,0.85,0.1522205
0.15,0.6,0.55,0.4,0.65,0.75,0.1521985
0.2,0.65,0.6,0.5,0.65,0.75,0.1521463
0.25,0.7,0.55,0.45,0.7,0.85,0.1521401
0.2,0.6,0.6,0.45,0.7,0.75,0.1520815
0.25,0.65,0.5,0.4,0.5,0.7,0.1520804
0.2,0.7,0.55,0.4,0.5,0.75,0.1520778
0.2,0.65,0.65,0.45,0.65,0.75,0.1520743
0.25,0.65,0.5,0.5,0.55,0.7,0.1520595
0.15,0.65,0.5,0.5,0.6,0.75,0.1520578
0.25,0.65,0.55,0.4,0.6,0.75,0.1520409
0.25,0.7,0.55,0.4,0.6,0.8,0.1520351
0.25,0.6,0.5,0.5,0.7,0.75,0.1520313
0.25,0.6,0.65,0.4,0.65,0.7,0.1520309
0.2,0.65,0.6,0.45,0.7,0.8,0.1520006
0.15,0.7,0.5,0.5,0.6,0.8,0.1519976
0.25,0.6,0.5,0.45,0.75,0.8,0.1519755
0.2,0.65,0.6,0.45,0.55,0.7,0.1519397
0.15,0.6,0.5,0.5,0.6,0.7,0.151934
0.15,0.6,0.5,0.45,0.65,0.75,0.1518679
0.25,0.6,0.55,0.4,0.6,0.7,0.151849
0.2,0.6,0.6,0.4,0.75,0.8,0.151822
0.25,0.65,0.5,0.5,0.7,0.8,0.1518121
0.2,0.6,0.55,0.45,0.75,0.8,0.1518053
0.2,0.65,0.65,0.5,0.6,0.7,0.1518021
0.2,0.7,0.6,0.45,0.7,0.85,0.151787
0.2,0.6,0.55,0.5,0.7,0.75,0.1517785
0.15,0.65,0.55,0.4,0.65,0.8,0.1517593
0.2,0.7,0.5,0.45,0.5,0.75,0.1517424
0.25,0.65,0.5,0.45,0.6,0.75,0.1517247
0.15,0.7,0.65,0.5,0.5,0.7,0.1517143
0.15,0.6,0.5,0.4,0.55,0.7,0.1516913
0.2,0.65,0.55,0.5,0.55,0.7,0.1516813
0.25,0.7,0.5,0.45,0.6,0.8,0.1516785
0.2,0.65,0.65,0.4,0.7,0.8,0.1516771
0.2,0.65,0.55,0.5,0.7,0.8,0.151658
0.2,0.6,0.65,0.4,0.7,0.75,0.1516459
0.2,0.7,0.5,0.4,0.65,0.85,0.1516336
0.25,0.65,0.55,0.4,0.75,0.85,0.1516254
0.2,0.65,0.55,0.4,0.5,0.7,0.1516199
0.2,0.6,0.6,0.5,0.65,0.7,0.1516177
0.25,0.7,0.65,0.5,0.75,0.85,0.1516065
0.15,0.65,0.5,0.5,0.75,0.85,0.151602
0.25,0.6,0.5,0.45,0.6,0.7,0.1515851
0.2,0.7,0.65,0.4,0.7,0.85,0.1515626
0.15,0.65,0.5,0.4,0.55,0.75,0.1515432
0.2,0.7,0.6,0.4,0.6,0.8,0.1515301
0.2,0.7,0.55,0.45,0.6,0.8,0.1515097
0.25,0.65,0.65,0.5,0.75,0.8,0.1514983
0.25,0.7,0.5,0.5,0.7,0.85,0.151483
0.25,0.7,0.6,0.5,0.5,0.7,0.1514729
0.2,0.6,0.65,0.45,0.65,0.7,0.1514555
0.2,0.65,0.55,0.45,0.6,0.75,0.1514395
0.2,0.7,0.55,0.5,0.7,0.85,0.1514145
0.15,0.7,0.6,0.5,0.55,0.75,0.1514121
0.15,0.65,0.5,0.45,0.65,0.8,0.1513907
0.15,0.7,0.65,0.5,0.65,0.8,0.1513797
0.2,0.65,0.6,0.4,0.6,0.75,0.1513755
0.2,0.65,0.65,0.4,0.55,0.7,0.15135
0.2,0.65,0.5,0.45,0.5,0.7,0.1513407
0.15,0.7,0.65,0.45,0.55,0.75,0.151337
0.25,0.7,0.65,0.45,0.5,0.7,0.1513055
0.25,0.65,0.5,0.45,0.75,0.85,0.1512583
0.2,0.65,0.6,0.4,0.75,0.85,0.1512549
0.15,0.7,0.5,0.4,0.55,0.8,0.1512446
0.25,0.7,0.65,0.5,0.6,0.75,0.151238
0.25,0.6,0.65,0.5,0.75,0.75,0.1512349
0.15,0.7,0.55,0.4,0.65,0.85,0.1512304
0.2,0.65,0.55,0.45,0.75,0.85,0.1511765
0.2,0.6,0.55,0.45,0.6,0.7,0.1511653
0.2,0.6,0.5,0.5,0.75,0.8,0.1511409
0.25,0.6,0.5,0.4,0.65,0.75,0.1511375
0.15,0.7,0.55,0.45,0.5,0.75,0.1510917
0.15,0.6,0.5,0.4,0.7,0.8,0.151069
0.25,0.7,0.6,0.45,0.55,0.75,0.151037
0.15,0.7,0.6,0.4,0.5,0.75,0.1510324
0.2,0.6,0.6,0.4,0.6,0.7,0.1510013
0.15,0.6,0.6,0.45,0.75,0.8,0.1509943
0.25,0.7,0.6,0.5,0.65,0.8,0.1509857
0.25,0.7,0.65,0.45,0.65,0.8,0.1509851
0.15,0.65,0.65,0.5,0.65,0.75,0.1508834
0.15,0.65,0.65,0.45,0.7,0.8,0.1508809
0.15,0.65,0.6,0.5,0.7,0.8,0.1508792
0.15,0.7,0.65,0.45,0.7,0.85,0.1508474
0.15,0.6,0.6,0.5,0.7,0.75,0.1508387
0.15,0.7,0.5,0.45,0.65,0.85,0.1508337
0.2,0.6,0.55,0.4,0.65,0.75,0.1508266
0.2,0.7,0.5,0.5,0.6,0.8,0.150821
0.15,0.7,0.6,0.5,0.7,0.85,0.1507804
0.15,0.6,0.65,0.45,0.7,0.75,0.1507641
0.2,0.65,0.5,0.5,0.6,0.75,0.15075
0.25,0.7,0.55,0.5,0.55,0.75,0.1507384
0.25,0.65,0.5,0.4,0.65,0.8,0.1507142
0.15,0.7,0.6,0.45,0.6,0.8,0.1506918
0.15,0.6,0.65,0.4,0.75,0.8,0.1506702
0.15,0.6,0.55,0.5,0.75,0.8,0.1506549
0.25,0.7,0.65,0.4,0.55,0.75,0.1505933
0.25,0.65,0.6,0.5,0.65,0.75,0.1505398
0.15,0.65,0.6,0.5,0.55,0.7,0.1505372
0.2,0.65,0.55,0.4,0.65,0.8,0.1505236
0.2,0.65,0.5,0.5,0.75,0.85,0.1505181
0.15,0.65,0.6,0.45,0.75,0.85,0.1505136
0.2,0.6,0.5,0.45,0.65,0.75,0.1505093
0.15,0.65,0.55,0.45,0.5,0.7,0.1504979
0.25,0.65,0.6,0.45,0.7,0.8,0.1504894
0.2,0.6,0.5,0.5,0.6,0.7,0.1504831
0.25,0.65,0.65,0.45,0.65,0.75,0.1504624
0.15,0.65,0.6,0.45,0.6,0.75,0.1504321
0.25,0.6,0.6,0.45,0.7,0.75,0.1504268
0.25,0.7,0.6,0.45,0.7,0.85,0.1504113
0.2,0.7,0.65,0.5,0.5,0.7,0.1503957
0.25,0.7,0.55,0.4,0.5,0.75,0.1503844
0.15,0.7,0.5,0.5,0.5,0.75,0.150382
0.15,0.65,0.65,0.45,0.55,0.7,0.1503617
0.15,0.7,0.65,0.4,0.6,0.8,0.1503592
0.15,0.7,0.55,0.5,0.6,0.8,0.1503403
0.15,0.65,0.6,0.4,0.5,0.7,0.1503295
0.15,0.65,0.65,0.4,0.75,0.85,0.1502852
0.25,0.6,0.6,0.4,0.75,0.8,0.1502797
0.25,0.6,0.55,0.45,0.75,0.8,0.1502709
0.2,0.7,0.65,0.5,0.65,0.8,0.1502496
0.25,0.7,0.5,0.4,0.65,0.85,0.1502076
0.25,0.7,0.65,0.4,0.7,0.85,0.1501844
0.2,0.65,0.5,0.45,0.65,0.8,0.1501678
0.2,0.65,0.5,0.4,0.55,0.75,0.1501675
0.25,0.65,0.65,0.4,0.7,0.8,0.1501654
0.2,0.7,0.6,0.5,0.55,0.75,0.1501625
0.25,0.65,0.55,0.5,0.7,0.8,0.1501614
0.15,0.6,0.65,0.5,0.65,0.7,0.1501473
0.15,0.65,0.55,0.5,0.75,0.85,0.1501456
0.2,0.6,0.5,0.4,0.55,0.7,0.1501449
0.25,0.6,0.55,0.5,0.7,0.75,0.1501383
0.15,0.65,0.5,0.4,0.7,0.85,0.1501346
0.25,0.65,0.6,0.45,0.55,0.7,0.1501346
0.15,0.65,0.55,0.5,0.6,0.75,0.1501237
0.2,0.7,0.55,0.4,0.65,0.85,0.1501198
0.25,0.65,0.65,0.5,0.6,0.7,0.1501027
0.2,0.7,0.65,0.45,0.55,0.75,0.1500829
0.25,0.7,0.5,0.45,0.5,0.75,0.1500673
0.25,0.7,0.55,0.5,0.7,0.85,0.1500529
0.2,0.7,0.5,0.4,0.55,0.8,0.1500224
0.25,0.7,0.6,0.4,0.6,0.8,0.149999
0.25,0.6,0.65,0.4,0.7,0.75,0.1499936
0.25,0.7,0.55,0.45,0.6,0.8,0.1499878
0.15,0.65,0.65,0.4,0.6,0.75,0.149974
0.15,0.6,0.6,0.45,0.6,0.7,0.1499463
0.25,0.65,0.55,0.5,0.55,0.7,0.149892
0.25,0.6,0.6,0.5,0.65,0.7,0.1498631
0.25,0.65,0.6,0.4,0.75,0.85,0.1498478
0.15,0.6,0.55,0.45,0.65,0.75,0.1498406
0.2,0.6,0.5,0.4,0.7,0.8,0.1498119
0.2,0.6,0.6,0.45,0.75,0.8,0.1498054
0.15,0.65,0.5,0.5,0.5,0.7,0.1497948
0.2,0.7,0.55,0.45,0.5,0.75,0.1497927
0.2,0.7,0.65,0.45,0.7,0.85,0.1497846
0.25,0.65,0.55,0.45,0.75,0.85,0.1497779
0.15,0.6,0.6,0.4,0.65,0.75,0.149771
0.25,0.65,0.55,0.45,0.6,0.75,0.1497512
0.2,0.7,0.5,0.45,0.65,0.85,0.1497352
0.2,0.7,0.6,0.4,0.5,0.75,0.1497273
0.25,0.65,0.55,0.4,0.5,0.7,0.1497235
0.2,0.7,0.6,0.5,0.7,0.85,0.149723
0.2,0.65,0.6,0.5,0.7,0.8,0.1497194
0.2,0.65,0.65,0.45,0.7,0.8,0.149716
0.25,0.6,0.65,0.45,0.65,0.7,0.1496975
0.15,0.6,0.55,0.5,0.6,0.7,0.1496931
0.25,0.65,0.6,0.4,0.6,0.75,0.1496798
0.15,0.65,0.6,0.4,0.65,0.8,0.1496636
0.15,0.65,0.55,0.45,0.65,0.8,0.1496508
0.2,0.65,0.65,0.5,0.65,0.75,0.149648
0.25,0.6,0.5,0.5,0.75,0.8,0.1496271
0.2,0.6,0.6,0.5,0.7,0.75,0.149571
0.25,0.65,0.65,0.4,0.55,0.7,0.1495509
0.2,0.7,0.6,0.45,0.6,0.8,0.1495139
0.15,0.7,0.55,0.4,0.55,0.8,0.1494937
0.2,0.6,0.65,0.45,0.7,0.75,0.1494922
0.2,0.6,0.65,0.4,0.75,0.8,0.1494816
0.2,0.6,0.55,0.5,0.75,0.8,0.1494766
0.15,0.65,0.55,0.4,0.55,0.75,0.1494639
0.25,0.65,0.5,0.45,0.5,0.7,0.149463
0.15,0.7,0.6,0.4,0.65,0.85,0.1494316
0.2,0.65,0.6,0.45,0.75,0.85,0.1494276
0.15,0.7,0.55,0.45,0.65,0.85,0.1493499
0.15,0.6,0.65,0.4,0.6,0.7,0.1493456
0.25,0.7,0.5,0.5,0.6,0.8,0.1493219
0.25,0.6,0.55,0.45,0.6,0.7,0.1492983
0.15,0.6,0.55,0.4,0.7,0.8,0.1492683
0.15,0.6,0.55,0.4,0.55,0.7,0.1492379
0.2,0.65,0.65,0.4,0.75,0.85,0.1491979
0.2,0.7,0.65,0.4,0.6,0.8,0.1491804
0.2,0.7,0.55,0.5,0.6,0.8,0.149174
0.2,0.65,0.6,0.5,0.55,0.7,0.1491594
0.15,0.6,0.5,0.5,0.65,0.75,0.1491537
0.25,0.65,0.5,0.5,0.75,0.85,0.1491384
0.15,0.65,0.5,0.45,0.55,0.75,0.1491356
0.2,0.65,0.6,0.45,0.6,0.75,0.1491295
0.25,0.6,0.6,0.4,0.6,0.7,0.1491289
0.15,0.7,0.5,0.45,0.55,0.8,0.1491234
0.2,0.7,0.5,0.5,0.5,0.75,0.1491029
0.25,0.65,0.5,0.5,0.6,0.75,0.1490862
0.25,0.6,0.55,0.4,0.65,0.75,0.1490838
0.2,0.65,0.55,0.5,0.75,0.85,0.1490694
0.2,0.65,0.55,0.45,0.5,0.7,0.1490465
0.2,0.65,0.5,0.4,0.7,0.85,0.1490029
0.2,0.65,0.65,0.45,0.55,0.7,0.1489811
0.15,0.6,0.5,0.45,0.55,0.7,0.1489658
0.15,0.65,0.5,0.5,0.65,0.8,0.1489654
0.25,0.65,0.55,0.4,0.65,0.8,0.1489505
0.15,0.6,0.5,0.45,0.7,0.8,0.1489161
0.15,0.7,0.65,0.5,0.55,0.75,0.1489034
0.2,0.65,0.6,0.4,0.5,0.7,0.1488738
0.2,0.65,0.55,0.5,0.6,0.75,0.1488329
0.15,0.7,0.65,0.5,0.7,0.85,0.1488253
0.25,0.7,0.65,0.5,0.65,0.8,0.1488124
0.15,0.7,0.6,0.45,0.5,0.75,0.1488029
0.2,0.6,0.65,0.5,0.65,0.7,0.1488024
0.25,0.6,0.5,0.45,0.65,0.75,0.1487837
0.25,0.7,0.65,0.5,0.5,0.7,0.1487201
0.15,0.6,0.6,0.5,0.75,0.8,0.1487077
0.15,0.6,0.65,0.45,0.75,0.8,0.1487029
0.25,0.7,0.55,0.4,0.65,0.85,0.1487023
0.2,0.65,0.65,0.4,0.6,0.75,0.1486733
0.15,0.7,0.5,0.5,0.65,0.85,0.1486728
0.15,0.65,0.65,0.5,0.7,0.8,0.1486551
0.25,0.6,0.5,0.5,0.6,0.7,0.1486428
0.25,0.65,0.5,0.45,0.65,0.8,0.1486109
0.15,0.65,0.55,0.4,0.7,0.85,0.1485944
0.25,0.7,0.6,0.5,0.55,0.75,0.1485737
0.2,0.6,0.6,0.45,0.6,0.7,0.1485105
0.2,0.6,0.55,0.45,0.65,0.75,0.1485018
0.15,0.7,0.55,0.5,0.5,0.75,0.1484963
0.15,0.65,0.65,0.45,0.75,0.85,0.1484956
0.25,0.7,0.65,0.45,0.55,0.75,0.1484878
0.25,0.7,0.5,0.4,0.55,0.8,0.1484608
0.2,0.65,0.6,0.4,0.65,0.8,0.1484463
0.2,0.65,0.55,0.45,0.65,0.8,0.1484403
0.15,0.65,0.6,0.5,0.75,0.85,0.1484382
0.25,0.7,0.65,0.45,0.7,0.85,0.1484301
0.2,0.6,0.6,0.4,0.65,0.75,0.1484269
0.25,0.65,0.5,0.4,0.55,0.75,0.1484143
0.15,0.7,0.6,0.5,0.6,0.8,0.1484003
0.15,0.7,0.65,0.45,0.6,0.8,0.1483944
0.25,0.7,0.6,0.5,0.7,0.85,0.1483763
0.2,0.65,0.5,0.5,0.5,0.7,0.1483652
0.15,0.7,0.65,0.4,0.5,0.75,0.1483406
0.25,0.7,0.5,0.45,0.65,0.85,0.1483334
0.2,0.7,0.6,0.4,0.65,0.85,0.1483322
0.15,0.6,0.65,0.5,0.7,0.75,0.1483248
0.25,0.6,0.6,0.45,0.75,0.8,0.1482956
0.2,0.7,0.55,0.4,0.55,0.8,0.1482803
0.2,0.6,0.55,0.5,0.6,0.7,0.1482686
0.2,0.7,0.55,0.45,0.65,0.85,0.1482577
0.25,0.65,0.6,0.5,0.7,0.8,0.1482456
0.25,0.65,0.65,0.45,0.7,0.8,0.1482357
0.15,0.6,0.5,0.4,0.6,0.75,0.1482291
0.15,0.65,0.5,0.45,0.7,0.85,0.1482151
0.25,0.6,0.5,0.4,0.7,0.8,0.1482124
0.25,0.6,0.5,0.4,0.55,0.7,0.1481801
0.25,0.7,0.55,0.45,0.5,0.75,0.1481384
0.2,0.65,0.55,0.4,0.55,0.75,0.148106
0.25,0.65,0.65,0.5,0.65,0.75,0.1480798
0.25,0.7,0.6,0.4,0.5,0.75,0.1480644
0.15,0.6,0.5,0.4,0.75,0.85,0.1480587
0.25,0.65,0.6,0.45,0.75,0.85,0.1480463
0.2,0.6,0.55,0.4,0.7,0.8,0.1480248
0.25,0.7,0.6,0.45,0.6,0.8,0.1480139
0.25,0.6,0.55,0.5,0.75,0.8,0.1479805
0.25,0.6,0.65,0.4,0.75,0.8,0.1479717
0.25,0.6,0.6,0.5,0.7,0.75,0.1479625
0.2,0.7,0.5,0.45,0.55,0.8,0.1479235
0.2,0.6,0.65,0.4,0.6,0.7,0.1479155
0.15,0.65,0.6,0.5,0.6,0.75,0.1478863
0.25,0.6,0.65,0.45,0.7,0.75,0.1478794
0.2,0.6,0.5,0.5,0.65,0.75,0.1478336
0.15,0.65,0.6,0.45,0.5,0.7,0.1478331
0.15,0.65,0.5,0.4,0.6,0.8,0.1478274
0.25,0.65,0.65,0.4,0.75,0.85,0.1478138
0.15,0.65,0.65,0.45,0.6,0.75,0.1477969
0.2,0.65,0.5,0.45,0.55,0.75,0.1477913
0.2,0.7,0.65,0.5,0.7,0.85,0.1477836
0.2,0.65,0.5,0.5,0.65,0.8,0.1477716
0.2,0.6,0.55,0.4,0.55,0.7,0.1477212
0.25,0.65,0.55,0.5,0.75,0.85,0.1477011
0.25,0.7,0.55,0.5,0.6,0.8,0.1476887
0.2,0.6,0.5,0.45,0.7,0.8,0.1476847
0.2,0.7,0.65,0.5,0.55,0.75,0.1476815
0.25,0.7,0.65,0.4,0.6,0.8,0.1476793
0.15,0.65,0.65,0.5,0.55,0.7,0.1476785
0.15,0.65,0.6,0.45,0.65,0.8,0.1476205
0.15,0.7,0.6,0.45,0.65,0.85,0.1475986
0.2,0.7,0.5,0.5,0.65,0.85,0.1475956
0.15,0.65,0.55,0.5,0.5,0.7,0.1475866
0.25,0.65,0.5,0.4,0.7,0.85,0.14756
0.2,0.6,0.6,0.5,0.75,0.8,0.1475474
0.2,0.6,0.65,0.45,0.75,0.8,0.1475383
0.2,0.7,0.6,0.45,0.5,0.75,0.1475258
0.2,0.65,0.65,0.5,0.7,0.8,0.1475176
0.15,0.6,0.6,0.45,0.65,0.75,0.1475017
0.25,0.65,0.6,0.45,0.6,0.75,0.1474743
0.25,0.7,0.5,0.5,0.5,0.75,0.1474736
0.2,0.65,0.55,0.4,0.7,0.85,0.1474705
0.2,0.6,0.5,0.45,0.55,0.7,0.1474626
0.15,0.7,0.6,0.4,0.55,0.8,0.1474341
0.2,0.65,0.65,0.45,0.75,0.85,0.1474271
0.15,0.7,0.55,0.45,0.55,0.8,0.1474234
0.25,0.65,0.6,0.5,0.55,0.7,0.1474112
0.2,0.65,0.6,0.5,0.75,0.85,0.1473748
0.15,0.7,0.65,0.4,0.65,0.85,0.1473604
0.15,0.7,0.5,0.4,0.6,0.85,0.1473551
0.15,0.65,0.55,0.5,0.65,0.8,0.1472863
0.15,0.65,0.65,0.4,0.65,0.8,0.1472775
0.2,0.7,0.6,0.5,0.6,0.8,0.1472493
0.2,0.7,0.65,0.45,0.6,0.8,0.1472381
0.15,0.7,0.55,0.5,0.65,0.85,0.1472319
0.2,0.7,0.55,0.5,0.5,0.75,0.1472314
0.25,0.65,0.65,0.45,0.55,0.7,0.1472296
0.15,0.65,0.65,0.4,0.5,0.7,0.1472186
0.15,0.6,0.55,0.5,0.65,0.75,0.1472098
0.25,0.65,0.55,0.45,0.5,0.7,0.1472032
0.25,0.65,0.55,0.5,0.6,0.75,0.1471927
0.15,0.6,0.6,0.4,0.7,0.8,0.1471717
0.15,0.6,0.55,0.45,0.7,0.8,0.1471693
0.15,0.6,0.6,0.5,0.6,0.7,0.1471312
0.15,0.65,0.55,0.45,0.55,0.75,0.1471304
0.2,0.65,0.5,0.45,0.7,0.85,0.1471024
0.25,0.6,0.65,0.5,0.65,0.7,0.1470989
0.2,0.6,0.65,0.5,0.7,0.75,0.1470875
0.2,0.7,0.65,0.4,0.5,0.75,0.1470653
0.15,0.65,0.6,0.4,0.55,0.75,0.147052
0.15,0.6,0.65,0.4,0.65,0.75,0.1470392
0.25,0.65,0.6,0.4,0.5,0.7,0.147025
0.25,0.65,0.65,0.4,0.6,0.75,0.1470205
0.15,0.6,0.65,0.45,0.6,0.7,0.1469453
0.25,0.7,0.6,0.4,0.65,0.85,0.1469305
0.2,0.6,0.5,0.4,0.75,0.85,0.1469211
0.25,0.65,0.55,0.45,0.65,0.8,0.1468998
0.25,0.65,0.6,0.4,0.65,0.8,0.1468981
0.25,0.7,0.55,0.45,0.65,0.85,0.1468653
0.2,0.6,0.5,0.4,0.6,0.75,0.1468313
0.25,0.6,0.55,0.45,0.65,0.75,0.1468023
0.15,0.65,0.6,0.4,0.7,0.85,0.1467816
0.15,0.7,0.5,0.5,0.55,0.8,0.1467367
0.25,0.7,0.55,0.4,0.55,0.8,0.1467332
0.25,0.6,0.6,0.4,0.65,0.75,0.1467208
0.15,0.65,0.55,0.45,0.7,0.85,0.1467134
0.25,0.6,0.6,0.45,0.6,0.7,0.146691
0.2,0.65,0.6,0.5,0.6,0.75,0.1466189
0.15,0.6,0.55,0.45,0.55,0.7,0.1466168
0.2,0.65,0.5,0.4,0.6,0.8,0.1465783
0.25,0.65,0.5,0.5,0.5,0.7,0.1465495
0.2,0.65,0.65,0.45,0.6,0.75,0.1465257
0.2,0.7,0.6,0.45,0.65,0.85,0.1465174
0.15,0.6,0.55,0.4,0.75,0.85,0.1465141
0.15,0.6,0.5,0.5,0.7,0.8,0.1465051
0.15,0.6,0.65,0.5,0.75,0.8,0.1464992
0.15,0.65,0.65,0.5,0.75,0.85,0.1464845
0.25,0.6,0.55,0.5,0.6,0.7,0.1464637
0.25,0.7,0.65,0.5,0.7,0.85,0.146458
0.25,0.6,0.55,0.4,0.7,0.8,0.1464445
0.15,0.65,0.5,0.5,0.55,0.75,0.1464432
0.15,0.6,0.6,0.4,0.55,0.7,0.1464319
0.2,0.65,0.6,0.45,0.65,0.8,0.1464279
0.2,0.65,0.6,0.45,0.5,0.7,0.1464157
0.25,0.7,0.5,0.45,0.55,0.8,0.1463933
0.25,0.65,0.55,0.4,0.55,0.75,0.1463785
0.2,0.65,0.65,0.5,0.55,0.7,0.1463392
0.15,0.7,0.6,0.5,0.5,0.75,0.1463026
0.2,0.7,0.65,0.4,0.65,0.85,0.1462773
0.25,0.65,0.5,0.5,0.65,0.8,0.1462534
0.2,0.7,0.5,0.4,0.6,0.85,0.1462402
0.2,0.7,0.6,0.4,0.55,0.8,0.1462367
0.2,0.7,0.55,0.45,0.55,0.8,0.1462329
0.25,0.7,0.5,0.5,0.65,0.85,0.1462231
0.15,0.7,0.65,0.45,0.5,0.75,0.1462086
0.2,0.6,0.6,0.45,0.65,0.75,0.1461896
0.15,0.7,0.65,0.5,0.6,0.8,0.1461872
0.2,0.65,0.55,0.5,0.5,0.7,0.1461809
0.2,0.7,0.55,0.5,0.65,0.85,0.1461613
0.25,0.6,0.5,0.5,0.65,0.75,0.1461582
0.15,0.6,0.5,0.45,0.75,0.85,0.1461503
0.25,0.7,0.65,0.5,0.55,0.75,0.1461288
0.15,0.6,0.55,0.4,0.6,0.75,0.1461259
0.25,0.6,0.5,0.45,0.7,0.8,0.1461199
0.2,0.65,0.55,0.5,0.65,0.8,0.1461045
0.25,0.6,0.65,0.4,0.6,0.7,0.1461035
0.2,0.65,0.65,0.4,0.65,0.8,0.1460853
0.25,0.65,0.5,0.45,0.55,0.75,0.1460811
0.25,0.6,0.6,0.5,0.75,0.8,0.1460752
0.25,0.65,0.65,0.5,0.7,0.8,0.1460731
0.25,0.65,0.65,0.45,0.75,0.85,0.1460686
0.25,0.6,0.65,0.45,0.75,0.8,0.1460602
0.15,0.65,0.5,0.5,0.7,0.85,0.1460554
0.15,0.65,0.55,0.4,0.6,0.8,0.1460413
0.25,0.65,0.55,0.4,0.7,0.85,0.146039
0.25,0.65,0.6,0.5,0.75,0.85,0.146023
0.2,0.6,0.55,0.45,0.7,0.8,0.145952
0.2,0.6,0.6,0.4,0.7,0.8,0.1459483
0.15,0.6,0.5,0.5,0.55,0.7,0.1459382
0.15,0.7,0.5,0.4,0.5,0.8,0.1459135
0.2,0.6,0.55,0.5,0.65,0.75,0.1459086
0.25,0.7,0.6,0.45,0.5,0.75,0.1459014
0.15,0.7,0.55,0.4,0.6,0.85,0.1458475
0.15,0.65,0.5,0.4,0.5,0.75,0.1458193
0.15,0.6,0.5,0.45,0.6,0.75,0.1458172
0.2,0.65,0.65,0.4,0.5,0.7,0.1458066
0.2,0.65,0.55,0.45,0.55,0.75,0.1458037
0.25,0.6,0.55,0.4,0.55,0.7,0.1457973
0.25,0.7,0.6,0.5,0.6,0.8,0.1457855
0.25,0.7,0.65,0.45,0.6,0.8,0.1457678
0.2,0.6,0.6,0.5,0.6,0.7,0.1457407
0.2,0.6,0.65,0.4,0.65,0.75,0.1457303
0.2,0.65,0.6,0.4,0.55,0.75,0.1457198
0.15,0.65,0.5,0.45,0.6,0.8,0.145691
0.25,0.65,0.5,0.45,0.7,0.85,0.1456855
0.2,0.65,0.6,0.4,0.7,0.85,0.1456705
0.25,0.7,0.55,0.5,0.5,0.75,0.1456225
0.2,0.65,0.55,0.45,0.7,0.85,0.1456087
0.15,0.7,0.65,0.45,0.65,0.85,0.1455847
0.2,0.7,0.5,0.5,0.55,0.8,0.1455638
0.25,0.6,0.5,0.45,0.55,0.7,0.1455562
0.2,0.6,0.65,0.45,0.6,0.7,0.1455531
0.15,0.6,0.5,0.4,0.5,0.7,0.1455406
0.15,0.7,0.6,0.5,0.65,0.85,0.1455345
0.25,0.6,0.65,0.5,0.7,0.75,0.145519
0.25,0.6,0.5,0.4,0.75,0.85,0.1454737
0.15,0.7,0.5,0.45,0.6,0.85,0.1454665
0.25,0.7,0.65,0.4,0.5,0.75,0.1454433
0.2,0.65,0.65,0.5,0.75,0.85,0.145438
0.15,0.7,0.6,0.45,0.55,0.8,0.1454279
0.2,0.6,0.55,0.4,0.75,0.85,0.1453856
0.2,0.6,0.65,0.5,0.75,0.8,0.1453625
0.15,0.65,0.65,0.5,0.6,0.75,0.1453623
0.15,0.65,0.6,0.5,0.65,0.8,0.1453303
0.15,0.65,0.65,0.45,0.65,0.8,0.1453119
0.2,0.6,0.5,0.5,0.7,0.8,0.1453037
0.2,0.6,0.55,0.45,0.55,0.7,0.1451425
0.25,0.7,0.6,0.45,0.65,0.85,0.1451411
0.15,0.6,0.6,0.45,0.7,0.8,0.1451398
0.2,0.65,0.5,0.5,0.55,0.75,0.1451358
0.15,0.7,0.55,0.5,0.55,0.8,0.1450954
0.15,0.7,0.65,0.4,0.55,0.8,0.1450796
0.2,0.7,0.6,0.5,0.5,0.75,0.1450589
0.2,0.7,0.65,0.5,0.6,0.8,0.1450576
0.25,0.6,0.5,0.4,0.6,0.75,0.1450554
0.15,0.65,0.6,0.5,0.5,0.7,0.1450508
0.2,0.6,0.5,0.45,0.75,0.85,0.1450326
0.25,0.65,0.6,0.5,0.6,0.75,0.1450108
0.15,0.6,0.5,0.4,0.65,0.8,0.1450045
0.25,0.65,0.5,0.4,0.6,0.8,0.144988
0.15,0.6,0.6,0.5,0.65,0.75,0.1449697
0.2,0.65,0.5,0.5,0.7,0.85,0.1449655
0.2,0.7,0.65,0.45,0.5,0.75,0.144961
0.2,0.6,0.6,0.4,0.55,0.7,0.1449546
0.15,0.65,0.6,0.45,0.7,0.85,0.1449495
0.25,0.65,0.6,0.45,0.65,0.8,0.1449128
0.25,0.65,0.65,0.45,0.6,0.75,0.1449127
0.25,0.7,0.65,0.4,0.65,0.85,0.1448985
0.15,0.6,0.65,0.45,0.65,0.75,0.1448715
0.15,0.65,0.65,0.45,0.5,0.7,0.1448534
0.15,0.6,0.55,0.5,0.7,0.8,0.1448203
0.25,0.7,0.5,0.4,0.6,0.85,0.144818
0.15,0.65,0.6,0.45,0.55,0.75,0.1448079
0.2,0.65,0.55,0.4,0.6,0.8,0.1448048
0.25,0.7,0.55,0.5,0.65,0.85,0.1447985
0.15,0.6,0.65,0.4,0.7,0.8,0.1447936
0.2,0.6,0.55,0.4,0.6,0.75,0.1447493
0.2,0.7,0.55,0.4,0.6,0.85,0.1447385
0.25,0.7,0.55,0.45,0.55,0.8,0.1447169
0.25,0.7,0.6,0.4,0.55,0.8,0.1447121
0.15,0.6,0.6,0.4,0.75,0.85,0.1447034
0.15,0.65,0.65,0.4,0.7,0.85,0.1447029
0.2,0.7,0.5,0.4,0.5,0.8,0.1446997
0.15,0.6,0.55,0.45,0.75,0.85,0.1446449
0.25,0.65,0.65,0.5,0.55,0.7,0.1446418
0.25,0.65,0.6,0.45,0.5,0.7,0.144618
0.25,0.65,0.55,0.5,0.65,0.8,0.1446032
0.15,0.65,0.55,0.5,0.7,0.85,0.1445981
0.25,0.65,0.65,0.4,0.65,0.8,0.1445701
0.25,0.6,0.6,0.45,0.65,0.75,0.1445265
0.15,0.65,0.55,0.5,0.55,0.75,0.1445219
0.2,0.7,0.65,0.45,0.65,0.85,0.1445205
0.2,0.6,0.5,0.5,0.55,0.7,0.144485
0.2,0.7,0.6,0.5,0.65,0.85,0.1444756
0.2,0.65,0.5,0.45,0.6,0.8,0.144467
0.2,0.6,0.5,0.45,0.6,0.75,0.1444532
0.2,0.65,0.5,0.4,0.5,0.75,0.1444499
0.25,0.6,0.55,0.45,0.7,0.8,0.1444059
0.25,0.65,0.55,0.5,0.5,0.7,0.1443978
0.25,0.6,0.6,0.4,0.7,0.8,0.1443953
0.15,0.65,0.5,0.4,0.65,0.85,0.1443915
0.2,0.7,0.5,0.45,0.6,0.85,0.1443698
0.15,0.65,0.65,0.4,0.55,0.75,0.1443307
0.15,0.6,0.65,0.5,0.6,0.7,0.144274
0.25,0.6,0.55,0.5,0.65,0.75,0.1442593
0.25,0.65,0.6,0.4,0.7,0.85,0.1442571
0.2,0.7,0.6,0.45,0.55,0.8,0.1442536
0.25,0.65,0.55,0.45,0.7,0.85,0.1442036
0.15,0.7,0.55,0.4,0.5,0.8,0.1441876
0.2,0.65,0.6,0.5,0.65,0.8,0.1441667
0.2,0.65,0.65,0.45,0.65,0.8,0.1441434
0.2,0.65,0.65,0.5,0.6,0.75,0.1441252
0.25,0.65,0.55,0.45,0.55,0.75,0.1441188
0.25,0.65,0.65,0.5,0.75,0.85,0.1441089
0.25,0.6,0.65,0.4,0.65,0.75,0.1440703
0.25,0.7,0.5,0.5,0.55,0.8,0.1440701
0.15,0.7,0.6,0.4,0.6,0.85,0.1440621
0.25,0.65,0.6,0.4,0.55,0.75,0.1440281
0.25,0.65,0.65,0.4,0.5,0.7,0.144016
0.15,0.6,0.5,0.5,0.75,0.85,0.1440066
0.2,0.6,0.5,0.4,0.5,0.7,0.1439975
0.15,0.7,0.55,0.45,0.6,0.85,0.1439962
0.25,0.6,0.6,0.5,0.6,0.7,0.143981
0.15,0.65,0.55,0.45,0.6,0.8,0.1439598
0.15,0.65,0.6,0.4,0.6,0.8,0.1439541
0.25,0.6,0.55,0.4,0.75,0.85,0.1439515
0.2,0.6,0.6,0.45,0.7,0.8,0.1439423
0.15,0.6,0.6,0.45,0.55,0.7,0.1439327
0.2,0.7,0.55,0.5,0.55,0.8,0.1439326
0.25,0.6,0.65,0.5,0.75,0.8,0.1439208
0.2,0.7,0.65,0.4,0.55,0.8,0.1439051
0.2,0.65,0.6,0.45,0.7,0.85,0.1438581
0.15,0.7,0.5,0.45,0.5,0.8,0.1438357
0.15,0.7,0.65,0.5,0.5,0.75,0.1438178
0.15,0.6,0.55,0.45,0.6,0.75,0.1437919
0.25,0.6,0.65,0.45,0.6,0.7,0.1437908
0.25,0.6,0.5,0.5,0.7,0.8,0.1437787
0.15,0.65,0.55,0.4,0.5,0.75,0.143762
0.2,0.6,0.5,0.4,0.65,0.8,0.1437406
0.15,0.6,0.55,0.5,0.55,0.7,0.1437053
0.15,0.6,0.6,0.4,0.6,0.75,0.1436997
0.2,0.6,0.6,0.5,0.65,0.75,0.1436947
0.2,0.65,0.6,0.5,0.5,0.7,0.1436776
0.2,0.6,0.55,0.5,0.7,0.8,0.1436326
0.25,0.7,0.65,0.5,0.6,0.8,0.1436223
0.25,0.6,0.5,0.45,0.75,0.85,0.1436123
0.2,0.65,0.65,0.4,0.7,0.85,0.1436103
0.2,0.6,0.65,0.4,0.7,0.8,0.1435964
0.2,0.6,0.65,0.45,0.65,0.75,0.1435934
0.2,0.6,0.6,0.4,0.75,0.85,0.1435895
0.15,0.7,0.65,0.5,0.65,0.85,0.1435867
0.25,0.65,0.5,0.5,0.7,0.85,0.1435797
0.2,0.6,0.55,0.45,0.75,0.85,0.1435369
0.2,0.65,0.55,0.5,0.7,0.85,0.1435171
0.2,0.65,0.6,0.45,0.55,0.75,0.1435071
0.25,0.7,0.6,0.5,0.5,0.75,0.1434793
0.2,0.65,0.65,0.45,0.5,0.7,0.1434783
0.25,0.65,0.5,0.5,0.55,0.75,0.1434756
0.15,0.65,0.5,0.45,0.5,0.75,0.1434553
0.25,0.7,0.65,0.45,0.5,0.75,0.1433758
0.15,0.7,0.5,0.5,0.6,0.85,0.1433371
0.25,0.7,0.55,0.4,0.6,0.85,0.1433251
0.15,0.6,0.65,0.4,0.55,0.7,0.1433086
0.15,0.65,0.5,0.5,0.6,0.8,0.1432946
0.25,0.6,0.55,0.45,0.55,0.7,0.1432754
0.2,0.65,0.5,0.4,0.65,0.85,0.1432572
0.25,0.65,0.55,0.4,0.6,0.8,0.1432325
0.2,0.65,0.55,0.5,0.55,0.75,0.1432322
0.15,0.6,0.55,0.4,0.65,0.8,0.1432028
0.15,0.7,0.6,0.5,0.55,0.8,0.1431737
0.25,0.7,0.65,0.45,0.65,0.85,0.1431667
0.25,0.7,0.5,0.4,0.5,0.8,0.1431509
0.15,0.7,0.65,0.45,0.55,0.8,0.14315
0.25,0.7,0.6,0.5,0.65,0.85,0.1431286
0.15,0.6,0.5,0.5,0.6,0.75,0.1431276
0.15,0.65,0.65,0.5,0.65,0.8,0.1431085
0.15,0.6,0.55,0.4,0.5,0.7,0.1431058
0.25,0.6,0.6,0.4,0.55,0.7,0.1430832
0.2,0.65,0.65,0.4,0.55,0.75,0.1430326
0.25,0.6,0.55,0.4,0.6,0.75,0.1430031
0.2,0.7,0.55,0.4,0.5,0.8,0.1429828
0.25,0.7,0.5,0.45,0.6,0.85,0.1429719
0.2,0.7,0.6,0.4,0.6,0.85,0.1429651
0.15,0.65,0.65,0.45,0.7,0.85,0.1429302
0.2,0.6,0.65,0.5,0.6,0.7,0.1429248
0.2,0.6,0.5,0.5,0.75,0.85,0.1429127
0.25,0.65,0.5,0.45,0.6,0.8,0.1429107
0.2,0.7,0.55,0.45,0.6,0.85,0.1429059
0.15,0.65,0.6,0.5,0.7,0.85,0.1428913
0.15,0.6,0.6,0.45,0.75,0.85,0.1428844
0.15,0.6,0.5,0.45,0.65,0.8,0.1428703
0.15,0.6,0.6,0.5,0.7,0.8,0.142866
0.15,0.6,0.5,0.45,0.5,0.7,0.1428584
0.15,0.65,0.55,0.4,0.65,0.85,0.1428576
0.15,0.6,0.65,0.45,0.7,0.8,0.1428397
0.25,0.7,0.6,0.45,0.55,0.8,0.1427607
0.2,0.65,0.55,0.45,0.6,0.8,0.1427487
0.2,0.65,0.6,0.4,0.6,0.8,0.1427368
0.25,0.6,0.5,0.45,0.6,0.75,0.1427235
0.25,0.65,0.5,0.4,0.5,0.75,0.1427073
0.25,0.65,0.6,0.5,0.65,0.8,0.1426895
0.25,0.65,0.65,0.45,0.65,0.8,0.1426607
0.25,0.6,0.5,0.5,0.55,0.7,0.1426446
0.2,0.7,0.5,0.45,0.5,0.8,0.1426437
0.15,0.6,0.65,0.4,0.75,0.85,0.1426345
0.2,0.7,0.65,0.5,0.5,0.75,0.1426023
0.25,0.65,0.65,0.5,0.6,0.75,0.1425574
0.15,0.6,0.55,0.5,0.75,0.85,0.1425469
0.2,0.7,0.65,0.5,0.65,0.85,0.1425446
0.2,0.6,0.6,0.45,0.55,0.7,0.1424964
0.15,0.65,0.5,0.45,0.65,0.85,0.1424952
0.25,0.65,0.6,0.45,0.7,0.85,0.1424715
0.25,0.7,0.55,0.5,0.55,0.8,0.142454
0.15,0.6,0.65,0.5,0.65,0.75,0.1424526
0.2,0.6,0.55,0.45,0.6,0.75,0.1424491
0.25,0.6,0.6,0.45,0.7,0.8,0.1424231
0.25,0.7,0.65,0.4,0.55,0.8,0.1424118
0.2,0.65,0.55,0.4,0.5,0.75,0.1424113
0.2,0.6,0.6,0.4,0.6,0.75,0.142352
0.15,0.65,0.6,0.5,0.55,0.75,0.1422999
0.2,0.6,0.55,0.5,0.55,0.7,0.1422797
0.2,0.7,0.5,0.5,0.6,0.85,0.1422619
0.15,0.7,0.6,0.45,0.6,0.85,0.1422595
0.25,0.65,0.65,0.4,0.7,0.85,0.1422222
0.15,0.65,0.65,0.5,0.5,0.7,0.1422158
0.15,0.65,0.65,0.45,0.55,0.75,0.1421896
0.25,0.6,0.6,0.4,0.75,0.85,0.1421751
0.15,0.7,0.55,0.45,0.5,0.8,0.142161
0.15,0.7,0.6,0.4,0.5,0.8,0.1421558
0.25,0.65,0.55,0.5,0.7,0.85,0.1421434
0.25,0.6,0.5,0.4,0.65,0.8,0.1421346
0.25,0.6,0.55,0.45,0.75,0.85,0.1421301
0.25,0.6,0.55,0.5,0.7,0.8,0.1421269
0.2,0.65,0.5,0.45,0.5,0.75,0.1421175
0.2,0.65,0.5,0.5,0.6,0.8,0.1421005
0.25,0.6,0.6,0.5,0.65,0.75,0.1420802
0.25,0.6,0.65,0.4,0.7,0.8,0.1420784
0.25,0.6,0.5,0.4,0.5,0.7,0.1420403
0.2,0.7,0.6,0.5,0.55,0.8,0.1420269
0.15,0.6,0.5,0.4,0.7,0.85,0.1420266
0.15,0.65,0.5,0.4,0.55,0.8,0.1420126
0.15,0.6,0.5,0.4,0.55,0.75,0.1420119
0.15,0.7,0.65,0.4,0.6,0.85,0.1420067
0.2,0.7,0.65,0.45,0.55,0.8,0.1419982
0.25,0.6,0.65,0.45,0.65,0.75,0.1419744
0.2,0.65,0.65,0.5,0.65,0.8,0.1419686
0.2,0.6,0.55,0.4,0.65,0.8,0.1419535
0.15,0.65,0.6,0.45,0.6,0.8,0.1419408
0.25,0.65,0.6,0.5,0.5,0.7,0.1419381
0.15,0.7,0.5,0.4,0.55,0.85,0.1419161
0.15,0.7,0.55,0.5,0.6,0.85,0.1419106
0.2,0.6,0.65,0.4,0.55,0.7,0.1418791
0.2,0.65,0.65,0.45,0.7,0.85,0.1418574
0.25,0.65,0.6,0.45,0.55,0.75,0.1418569
0.2,0.65,0.6,0.5,0.7,0.85,0.1418233
0.25,0.65,0.5,0.4,0.65,0.85,0.1418131
0.2,0.6,0.5,0.5,0.6,0.75,0.1418036
0.2,0.6,0.6,0.45,0.75,0.85,0.1417908
0.25,0.65,0.65,0.45,0.5,0.7,0.1417361
0.2,0.65,0.55,0.4,0.65,0.85,0.1417319
0.2,0.6,0.6,0.5,0.7,0.8,0.1416983
0.2,0.6,0.65,0.45,0.7,0.8,0.1416682
0.2,0.6,0.5,0.45,0.65,0.8,0.1416328
0.15,0.65,0.55,0.5,0.6,0.8,0.141627
0.25,0.65,0.55,0.5,0.55,0.75,0.1415966
0.2,0.6,0.55,0.4,0.5,0.7,0.1415937
0.15,0.65,0.65,0.4,0.6,0.8,0.1415802
0.25,0.7,0.6,0.4,0.6,0.85,0.1415682
0.2,0.6,0.65,0.4,0.75,0.85,0.1415404
0.25,0.6,0.5,0.5,0.75,0.85,0.1415243
0.25,0.7,0.55,0.45,0.6,0.85,0.1415177
0.15,0.7,0.5,0.5,0.5,0.8,0.1414972
0.15,0.65,0.55,0.45,0.5,0.75,0.1414747
0.2,0.6,0.55,0.5,0.75,0.85,0.1414632
0.15,0.6,0.6,0.45,0.6,0.75,0.1414585
0.25,0.7,0.55,0.4,0.5,0.8,0.1414482
0.25,0.65,0.65,0.4,0.55,0.75,0.1413861
0.2,0.65,0.5,0.45,0.65,0.85,0.1413806
0.15,0.65,0.6,0.4,0.5,0.75,0.1413768
0.2,0.6,0.5,0.45,0.5,0.7,0.1413596
0.25,0.7,0.65,0.5,0.65,0.85,0.1412199
0.25,0.6,0.65,0.5,0.6,0.7,0.1412193
0.25,0.65,0.55,0.45,0.6,0.8,0.1412101
0.2,0.6,0.65,0.5,0.65,0.75,0.1412098
0.25,0.65,0.6,0.4,0.6,0.8,0.1411906
0.15,0.6,0.55,0.5,0.6,0.75,0.14119
0.2,0.7,0.6,0.45,0.6,0.85,0.1411812
0.15,0.6,0.6,0.5,0.55,0.7,0.141156
0.25,0.7,0.5,0.45,0.5,0.8,0.141126
0.15,0.6,0.55,0.45,0.65,0.8,0.1411258
0.15,0.6,0.6,0.4,0.65,0.8,0.1411077
0.25,0.7,0.65,0.5,0.5,0.75,0.14106
0.15,0.65,0.6,0.4,0.65,0.85,0.1410528
0.2,0.65,0.6,0.5,0.55,0.75,0.1410353
0.15,0.65,0.55,0.45,0.65,0.85,0.1410016
0.15,0.7,0.65,0.5,0.55,0.8,0.1409822
0.2,0.7,0.55,0.45,0.5,0.8,0.1409794
0.15,0.6,0.65,0.4,0.6,0.75,0.1409744
0.2,0.7,0.6,0.4,0.5,0.8,0.1409672
0.15,0.6,0.65,0.45,0.55,0.7,0.1409456
0.15,0.65,0.65,0.5,0.7,0.85,0.1409397
0.2,0.7,0.65,0.4,0.6,0.85,0.140927
0.2,0.65,0.65,0.45,0.55,0.75,0.1409221
0.25,0.7,0.5,0.5,0.6,0.85,0.1408939
0.2,0.65,0.65,0.5,0.5,0.7,0.1408826
0.2,0.6,0.5,0.4,0.7,0.85,0.140882
0.15,0.6,0.65,0.45,0.75,0.85,0.1408752
0.15,0.6,0.6,0.5,0.75,0.85,0.1408439
0.2,0.7,0.55,0.5,0.6,0.85,0.1408424
0.15,0.65,0.5,0.5,0.5,0.75,0.140813
0.2,0.7,0.5,0.4,0.55,0.85,0.1408083
0.2,0.65,0.5,0.4,0.55,0.8,0.1407684
0.2,0.65,0.6,0.45,0.6,0.8,0.1407488
0.25,0.6,0.55,0.45,0.6,0.75,0.140748
0.25,0.65,0.55,0.4,0.5,0.75,0.1406951
0.25,0.6,0.6,0.45,0.55,0.7,0.1406796
0.15,0.6,0.65,0.5,0.7,0.8,0.1406538
0.25,0.6,0.6,0.4,0.6,0.75,0.1406454
0.2,0.6,0.5,0.4,0.55,0.75,0.1406158
0.25,0.65,0.5,0.5,0.6,0.8,0.1405842
0.25,0.7,0.6,0.5,0.55,0.8,0.1405704
0.25,0.7,0.65,0.45,0.55,0.8,0.1405358
0.15,0.6,0.55,0.45,0.5,0.7,0.1405319
0.25,0.65,0.65,0.5,0.65,0.8,0.1405228
0.25,0.65,0.65,0.45,0.7,0.85,0.1404955
0.15,0.6,0.5,0.5,0.65,0.8,0.1404823
0.15,0.6,0.55,0.4,0.7,0.85,0.1404822
0.25,0.6,0.55,0.5,0.55,0.7,0.1404768
0.25,0.65,0.6,0.5,0.7,0.85,0.1404676
0.2,0.65,0.55,0.5,0.6,0.8,0.1404456
0.15,0.7,0.55,0.4,0.55,0.85,0.1404315
0.25,0.65,0.5,0.45,0.5,0.75,0.1404189
0.25,0.6,0.6,0.45,0.75,0.85,0.1404038
0.2,0.65,0.65,0.4,0.6,0.8,0.1403891
0.25,0.6,0.55,0.4,0.65,0.8,0.1403687
0.15,0.65,0.5,0.5,0.65,0.85,0.1403629
0.2,0.7,0.5,0.5,0.5,0.8,0.1403325
0.15,0.6,0.6,0.4,0.5,0.7,0.140324
0.25,0.65,0.55,0.4,0.65,0.85,0.1403001
0.15,0.7,0.65,0.45,0.6,0.85,0.1402638
0.15,0.65,0.55,0.4,0.55,0.8,0.1402476
0.15,0.7,0.6,0.5,0.6,0.85,0.1402305
0.25,0.6,0.6,0.5,0.7,0.8,0.1402187
0.15,0.7,0.6,0.45,0.5,0.8,0.1401951
0.25,0.6,0.65,0.45,0.7,0.8,0.1401832
0.2,0.65,0.55,0.45,0.5,0.75,0.1401556
0.25,0.6,0.65,0.4,0.75,0.85,0.1401524
0.2,0.6,0.6,0.45,0.6,0.75,0.1401447
0.15,0.6,0.5,0.45,0.7,0.85,0.1401359
0.25,0.6,0.5,0.5,0.6,0.75,0.1401265
0.25,0.6,0.55,0.5,0.75,0.85,0.1400881
0.25,0.6,0.65,0.4,0.55,0.7,0.140071
0.15,0.7,0.5,0.45,0.55,0.85,0.1400683
0.25,0.6,0.5,0.45,0.65,0.8,0.1400635
0.2,0.65,0.6,0.4,0.5,0.75,0.1400529
0.25,0.65,0.5,0.45,0.65,0.85,0.1399635
0.2,0.65,0.6,0.4,0.65,0.85,0.1399409
0.15,0.6,0.55,0.4,0.55,0.75,0.1399253
0.15,0.65,0.5,0.45,0.55,0.8,0.1399171
0.2,0.6,0.55,0.45,0.65,0.8,0.1399038
0.2,0.65,0.55,0.45,0.65,0.85,0.139896
0.2,0.65,0.65,0.5,0.7,0.85,0.1398898
0.2,0.6,0.55,0.5,0.6,0.75,0.1398867
0.15,0.7,0.55,0.5,0.5,0.8,0.1398827
0.15,0.6,0.5,0.5,0.5,0.7,0.1398823
0.2,0.6,0.6,0.4,0.65,0.8,0.1398801
0.2,0.7,0.65,0.5,0.55,0.8,0.139858
0.15,0.7,0.65,0.4,0.5,0.8,0.1398335
0.25,0.7,0.6,0.45,0.6,0.85,0.1398098
0.2,0.6,0.65,0.45,0.75,0.85,0.1398018
0.15,0.65,0.65,0.5,0.55,0.75,0.1397968
0.2,0.6,0.6,0.5,0.75,0.85,0.1397742
0.2,0.6,0.6,0.5,0.55,0.7,0.1397665
0.15,0.65,0.6,0.5,0.6,0.8,0.139685
0.25,0.6,0.55,0.4,0.5,0.7,0.139679
0.2,0.6,0.65,0.4,0.6,0.75,0.139664
0.15,0.65,0.65,0.45,0.6,0.8,0.1396475
0.15,0.6,0.5,0.45,0.55,0.75,0.1396401
0.25,0.6,0.65,0.5,0.65,0.75,0.1396377
0.2,0.6,0.65,0.45,0.55,0.7,0.1395551
0.25,0.7,0.65,0.4,0.6,0.85,0.1395536
0.2,0.65,0.5,0.5,0.5,0.75,0.1395127
0.2,0.6,0.65,0.5,0.7,0.8,0.1395117
0.25,0.7,0.55,0.5,0.6,0.85,0.1394846
0.25,0.7,0.55,0.45,0.5,0.8,0.1394764
0.25,0.6,0.5,0.45,0.5,0.7,0.1394619
0.25,0.7,0.6,0.4,0.5,0.8,0.1394564
0.25,0.65,0.6,0.5,0.55,0.75,0.139433
0.25,0.6,0.5,0.4,0.7,0.85,0.1394283
0.25,0.7,0.5,0.4,0.55,0.85,0.1393961
0.2,0.6,0.55,0.4,0.7,0.85,0.1393478
0.2,0.7,0.55,0.4,0.55,0.85,0.1393294
0.25,0.65,0.65,0.45,0.55,0.75,0.1393154
0.2,0.6,0.5,0.5,0.65,0.8,0.1392763
0.2,0.65,0.5,0.5,0.65,0.85,0.139272
0.15,0.65,0.6,0.45,0.65,0.85,0.1392481
0.25,0.65,0.6,0.45,0.6,0.8,0.1392367
0.2,0.7,0.65,0.45,0.6,0.85,0.1392026
0.25,0.65,0.65,0.5,0.5,0.7,0.1391956
0.25,0.65,0.5,0.4,0.55,0.8,0.1391861
0.15,0.65,0.6,0.45,0.5,0.75,0.1391815
0.2,0.7,0.6,0.5,0.6,0.85,0.1391745
0.15,0.6,0.6,0.45,0.65,0.8,0.1391013
0.2,0.6,0.55,0.45,0.5,0.7,0.1390637
0.2,0.7,0.6,0.45,0.5,0.8,0.1390295
0.2,0.65,0.55,0.4,0.55,0.8,0.139016
0.2,0.6,0.5,0.45,0.7,0.85,0.1390124
0.15,0.65,0.65,0.4,0.65,0.85,0.138985
0.2,0.7,0.5,0.45,0.55,0.85,0.1389779
0.15,0.6,0.6,0.5,0.6,0.75,0.1389608
0.25,0.65,0.55,0.5,0.6,0.8,0.1389471
0.15,0.65,0.55,0.5,0.5,0.75,0.1389184
0.15,0.65,0.55,0.5,0.65,0.85,0.1389166
0.15,0.6,0.65,0.5,0.75,0.85,0.1389023
0.25,0.65,0.65,0.4,0.6,0.8,0.1388778
0.2,0.6,0.6,0.4,0.5,0.7,0.1388533
0.25,0.7,0.5,0.5,0.5,0.8,0.1388515
0.25,0.6,0.5,0.4,0.55,0.75,0.1388453
0.15,0.6,0.65,0.45,0.6,0.75,0.1388398
0.15,0.6,0.55,0.5,0.65,0.8,0.1388035
0.15,0.6,0.5,0.4,0.6,0.8,0.1387651
0.15,0.6,0.65,0.4,0.65,0.8,0.1387351
0.2,0.7,0.55,0.5,0.5,0.8,0.1387283
0.2,0.65,0.5,0.45,0.55,0.8,0.138698
0.15,0.65,0.65,0.4,0.5,0.75,0.1386886
0.15,0.6,0.6,0.4,0.7,0.85,0.1386734
0.15,0.7,0.6,0.4,0.55,0.85,0.1386722
0.2,0.7,0.65,0.4,0.5,0.8,0.1386688
0.15,0.6,0.55,0.45,0.7,0.85,0.1386336
0.15,0.7,0.55,0.45,0.55,0.85,0.1386214
0.2,0.65,0.65,0.5,0.55,0.75,0.1385638
0.25,0.65,0.65,0.5,0.7,0.85,0.1385584
0.2,0.6,0.55,0.4,0.55,0.75,0.1385518
0.15,0.65,0.5,0.4,0.6,0.85,0.138529
0.25,0.65,0.6,0.4,0.65,0.85,0.1385284
0.2,0.65,0.6,0.5,0.6,0.8,0.138523
0.25,0.65,0.55,0.45,0.65,0.85,0.1384915
0.25,0.65,0.55,0.45,0.5,0.75,0.1384825
0.25,0.6,0.6,0.45,0.6,0.75,0.1384817
0.2,0.65,0.65,0.45,0.6,0.8,0.1384808
0.25,0.6,0.65,0.45,0.75,0.85,0.1384402
0.2,0.6,0.5,0.5,0.5,0.7,0.1384345
0.25,0.7,0.65,0.5,0.55,0.8,0.1384308
0.25,0.6,0.6,0.5,0.75,0.85,0.1384188
0.25,0.65,0.6,0.4,0.5,0.75,0.1383741
0.25,0.6,0.55,0.45,0.65,0.8,0.1383548
0.25,0.6,0.6,0.4,0.65,0.8,0.1383245
0.15,0.6,0.65,0.5,0.55,0.7,0.1383181
0.15,0.7,0.65,0.5,0.6,0.85,0.1383026
0.2,0.6,0.5,0.45,0.55,0.75,0.1382787
0.25,0.6,0.55,0.5,0.6,0.75,0.1382374
0.15,0.65,0.55,0.45,0.55,0.8,0.1382086
0.15,0.65,0.6,0.4,0.55,0.8,0.1381843
0.2,0.65,0.6,0.45,0.65,0.85,0.1381566
0.25,0.6,0.65,0.5,0.7,0.8,0.1380647
0.15,0.6,0.5,0.5,0.7,0.85,0.1380145
0.25,0.6,0.6,0.5,0.55,0.7,0.1380108
0.25,0.6,0.65,0.4,0.6,0.75,0.1380063
0.15,0.7,0.6,0.5,0.5,0.8,0.1379914
0.15,0.7,0.5,0.5,0.55,0.85,0.1379843
0.15,0.7,0.65,0.45,0.5,0.8,0.1379504
0.25,0.7,0.55,0.4,0.55,0.85,0.1379266
0.25,0.6,0.55,0.4,0.7,0.85,0.1379086
0.2,0.6,0.6,0.45,0.65,0.8,0.1379007
0.2,0.65,0.65,0.4,0.65,0.85,0.1378931
0.2,0.65,0.6,0.45,0.5,0.75,0.137889
0.25,0.65,0.5,0.5,0.65,0.85,0.1378868
0.15,0.6,0.6,0.45,0.5,0.7,0.1378763
0.25,0.65,0.5,0.5,0.5,0.75,0.1378641
0.25,0.7,0.65,0.45,0.6,0.85,0.137855
0.2,0.6,0.65,0.5,0.75,0.85,0.1378526
0.2,0.65,0.55,0.5,0.65,0.85,0.1378345
0.25,0.7,0.6,0.5,0.6,0.85,0.1378335
0.25,0.6,0.65,0.45,0.55,0.7,0.1377981
0.25,0.6,0.5,0.5,0.65,0.8,0.1377485
0.2,0.6,0.6,0.5,0.6,0.75,0.1376848
0.15,0.6,0.55,0.5,0.5,0.7,0.137676
0.2,0.65,0.55,0.5,0.5,0.75,0.1376367
0.15,0.6,0.55,0.45,0.55,0.75,0.1376349
0.2,0.6,0.55,0.5,0.65,0.8,0.1376126
0.25,0.7,0.5,0.45,0.55,0.85,0.1375903
0.25,0.6,0.5,0.45,0.7,0.85,0.1375871
0.2,0.7,0.6,0.4,0.55,0.85,0.1375818
0.15,0.65,0.5,0.5,0.55,0.8,0.1375678
0.2,0.6,0.65,0.45,0.6,0.75,0.1375613
0.2,0.6,0.6,0.4,0.7,0.85,0.137555
0.25,0.7,0.6,0.45,0.5,0.8,0.1375496
0.2,0.7,0.55,0.45,0.55,0.85,0.1375381
0.2,0.6,0.65,0.4,0.65,0.8,0.1375358
0.15,0.6,0.6,0.4,0.55,0.75,0.1375211
0.2,0.6,0.55,0.45,0.7,0.85,0.1375206
0.2,0.6,0.5,0.4,0.6,0.8,0.1375012
0.15,0.65,0.65,0.5,0.6,0.8,0.1374821
0.25,0.65,0.55,0.4,0.55,0.8,0.1374527
0.2,0.65,0.65,0.4,0.5,0.75,0.1373996
0.2,0.65,0.5,0.4,0.6,0.85,0.1373979
0.2,0.7,0.65,0.5,0.6,0.85,0.1372639
0.25,0.7,0.55,0.5,0.5,0.8,0.1372622
0.15,0.65,0.65,0.45,0.65,0.85,0.137243
0.15,0.6,0.65,0.4,0.5,0.7,0.1372345
0.15,0.65,0.6,0.5,0.65,0.85,0.1372218
0.25,0.6,0.55,0.45,0.5,0.7,0.137207
0.25,0.7,0.65,0.4,0.5,0.8,0.1371894
0.25,0.65,0.5,0.45,0.55,0.8,0.1371505
0.25,0.65,0.6,0.5,0.6,0.8,0.1370499
0.15,0.65,0.55,0.4,0.6,0.85,0.1370147
0.25,0.65,0.65,0.5,0.55,0.75,0.1370036
0.2,0.65,0.55,0.45,0.55,0.8,0.1370032
0.25,0.65,0.65,0.45,0.6,0.8,0.1370023
0.15,0.6,0.5,0.5,0.55,0.75,0.136998
0.25,0.6,0.6,0.4,0.5,0.7,0.1369938
0.15,0.6,0.55,0.4,0.6,0.8,0.1369788
0.2,0.65,0.6,0.4,0.55,0.8,0.1369733
0.2,0.6,0.65,0.5,0.55,0.7,0.1369719
0.2,0.6,0.5,0.5,0.7,0.85,0.1369158
0.2,0.7,0.5,0.5,0.55,0.85,0.1369151
0.15,0.7,0.6,0.45,0.55,0.85,0.1369119
0.15,0.6,0.6,0.45,0.7,0.85,0.1368778
0.15,0.6,0.6,0.5,0.65,0.8,0.1368585
0.2,0.7,0.6,0.5,0.5,0.8,0.1368536
0.25,0.6,0.55,0.4,0.55,0.75,0.1368119
0.15,0.6,0.65,0.45,0.65,0.8,0.1368109
0.2,0.7,0.65,0.45,0.5,0.8,0.1368086
0.25,0.65,0.6,0.45,0.65,0.85,0.1367715
0.15,0.65,0.6,0.5,0.5,0.75,0.1367283
0.15,0.65,0.5,0.45,0.6,0.85,0.1366709
0.15,0.6,0.5,0.45,0.6,0.8,0.136668
0.15,0.7,0.65,0.4,0.55,0.85,0.1366468
0.15,0.6,0.65,0.4,0.7,0.85,0.1366097
0.25,0.6,0.5,0.5,0.5,0.7,0.1366044
0.15,0.65,0.65,0.45,0.5,0.75,0.1365985
0.15,0.7,0.55,0.5,0.55,0.85,0.1365823
0.15,0.6,0.55,0.5,0.7,0.85,0.1365605
0.25,0.6,0.5,0.45,0.55,0.75,0.1365552
0.25,0.6,0.65,0.5,0.75,0.85,0.1365225
0.15,0.7,0.5,0.4,0.5,0.85,0.1365074
0.25,0.65,0.65,0.4,0.65,0.85,0.1365073
0.25,0.65,0.55,0.5,0.65,0.85,0.1364621
0.15,0.6,0.65,0.5,0.6,0.75,0.1364599
0.2,0.6,0.6,0.45,0.5,0.7,0.1364476
0.25,0.6,0.6,0.45,0.65,0.8,0.1363805
0.2,0.65,0.5,0.5,0.55,0.8,0.1363786
0.2,0.65,0.65,0.5,0.6,0.8,0.1363445
0.2,0.6,0.55,0.45,0.55,0.75,0.1362959
0.2,0.6,0.55,0.5,0.5,0.7,0.136257
0.25,0.65,0.6,0.45,0.5,0.75,0.1362517
0.15,0.65,0.6,0.45,0.55,0.8,0.136216
0.25,0.7,0.6,0.4,0.55,0.85,0.1361963
0.15,0.65,0.5,0.4,0.5,0.8,0.1361882
0.2,0.6,0.6,0.4,0.55,0.75,0.136178
0.2,0.65,0.65,0.45,0.65,0.85,0.1361708
0.25,0.7,0.55,0.45,0.55,0.85,0.1361608
0.2,0.65,0.6,0.5,0.65,0.85,0.1361542
0.25,0.6,0.6,0.4,0.7,0.85,0.1361374
0.25,0.6,0.55,0.45,0.7,0.85,0.13611
0.25,0.6,0.55,0.5,0.65,0.8,0.1361054
0.25,0.6,0.6,0.5,0.6,0.75,0.1360721
0.25,0.6,0.65,0.4,0.65,0.8,0.1360177
0.25,0.65,0.55,0.5,0.5,0.75,0.1360136
0.25,0.65,0.5,0.4,0.6,0.85,0.1359601
0.25,0.7,0.65,0.5,0.6,0.85,0.1359455
0.25,0.6,0.65,0.45,0.6,0.75,0.1359454
0.15,0.65,0.55,0.5,0.55,0.8,0.135924
0.25,0.6,0.5,0.4,0.6,0.8,0.1358988
0.2,0.65,0.55,0.4,0.6,0.85,0.1358925
0.15,0.65,0.65,0.4,0.55,0.8,0.1358405
0.2,0.7,0.6,0.45,0.55,0.85,0.1358405
0.15,0.7,0.65,0.5,0.5,0.8,0.1358347
0.2,0.6,0.65,0.4,0.5,0.7,0.1358136
0.15,0.6,0.5,0.4,0.65,0.85,0.1358007
0.2,0.6,0.6,0.45,0.7,0.85,0.1357807
0.25,0.65,0.65,0.4,0.5,0.75,0.1357673
0.15,0.6,0.5,0.4,0.5,0.75,0.1357352
0.2,0.6,0.55,0.4,0.6,0.8,0.135731
0.2,0.6,0.6,0.5,0.65,0.8,0.1356888
0.2,0.6,0.5,0.5,0.55,0.75,0.1356772
0.2,0.6,0.65,0.45,0.65,0.8,0.1356378
0.2,0.7,0.65,0.4,0.55,0.85,0.1355744
0.2,0.65,0.5,0.45,0.6,0.85,0.1355599
0.25,0.7,0.5,0.5,0.55,0.85,0.1355577
0.25,0.6,0.5,0.5,0.7,0.85,0.1355239
0.2,0.7,0.55,0.5,0.55,0.85,0.135521
0.2,0.6,0.65,0.4,0.7,0.85,0.135513
0.25,0.65,0.55,0.45,0.55,0.8,0.1354739
0.2,0.6,0.55,0.5,0.7,0.85,0.1354727
0.2,0.65,0.6,0.5,0.5,0.75,0.1354723
0.25,0.65,0.6,0.4,0.55,0.8,0.1354375
0.2,0.6,0.5,0.45,0.6,0.8,0.1354319
0.2,0.7,0.5,0.4,0.5,0.85,0.1354107
0.25,0.7,0.6,0.5,0.5,0.8,0.1354101
0.25,0.7,0.65,0.45,0.5,0.8,0.1353594
0.2,0.65,0.65,0.45,0.5,0.75,0.1353399
0.15,0.6,0.6,0.45,0.55,0.75,0.135327
0.15,0.65,0.65,0.5,0.65,0.85,0.1352867
0.25,0.6,0.65,0.5,0.55,0.7,0.1352732
0.15,0.65,0.6,0.4,0.6,0.85,0.1352321
0.2,0.6,0.65,0.5,0.6,0.75,0.1352183
0.15,0.65,0.55,0.45,0.6,0.85,0.1351982
0.15,0.6,0.6,0.5,0.5,0.7,0.1351591
0.15,0.6,0.55,0.5,0.55,0.75,0.1350837
0.15,0.7,0.55,0.4,0.5,0.85,0.1350562
0.2,0.65,0.6,0.45,0.55,0.8,0.1350302
0.2,0.65,0.5,0.4,0.5,0.8,0.1349547
0.15,0.7,0.65,0.45,0.55,0.85,0.1349468
0.15,0.6,0.55,0.45,0.6,0.8,0.1349417
0.15,0.7,0.6,0.5,0.55,0.85,0.1349299
0.15,0.6,0.65,0.45,0.5,0.7,0.1349267
0.25,0.65,0.65,0.5,0.6,0.8,0.1349042
0.15,0.6,0.6,0.4,0.6,0.8,0.1349035
0.15,0.6,0.65,0.45,0.7,0.85,0.1348771
0.25,0.65,0.5,0.5,0.55,0.8,0.1348716
0.15,0.6,0.6,0.5,0.7,0.85,0.1348652
0.15,0.6,0.65,0.4,0.55,0.75,0.1348251
0.25,0.65,0.65,0.45,0.65,0.85,0.1348115
0.25,0.65,0.6,0.5,0.65,0.85,0.1348007
0.2,0.65,0.55,0.5,0.55,0.8,0.1347487
0.2,0.7,0.65,0.5,0.5,0.8,0.1347197
0.15,0.7,0.5,0.45,0.5,0.85,0.1347118
0.15,0.6,0.65,0.5,0.65,0.8,0.1346605
0.2,0.65,0.65,0.4,0.55,0.8,0.1346565
0.2,0.6,0.5,0.4,0.65,0.85,0.1346555
0.25,0.6,0.6,0.45,0.5,0.7,0.1346432
0.25,0.6,0.55,0.45,0.55,0.75,0.1346024
0.15,0.65,0.5,0.5,0.6,0.85,0.1345824
0.25,0.7,0.6,0.45,0.55,0.85,0.1344806
0.25,0.6,0.6,0.4,0.55,0.75,0.1344799
0.25,0.65,0.55,0.4,0.6,0.85,0.1344677
0.25,0.6,0.55,0.5,0.5,0.7,0.134466
0.15,0.65,0.55,0.4,0.5,0.8,0.1344575
0.25,0.6,0.6,0.45,0.7,0.85,0.1343915
0.2,0.6,0.5,0.4,0.5,0.75,0.1343483
0.15,0.6,0.5,0.5,0.6,0.8,0.1343237
0.15,0.6,0.55,0.4,0.65,0.85,0.1342705
0.15,0.65,0.65,0.5,0.5,0.75,0.1342627
0.2,0.65,0.65,0.5,0.65,0.85,0.1342386
0.25,0.7,0.65,0.4,0.55,0.85,0.1342129
0.25,0.6,0.6,0.5,0.65,0.8,0.1342094
0.25,0.7,0.55,0.5,0.55,0.85,0.1341737
0.25,0.6,0.65,0.45,0.65,0.8,0.134154
0.25,0.6,0.55,0.4,0.6,0.8,0.1341507
0.25,0.65,0.5,0.45,0.6,0.85,0.1341495
0.15,0.65,0.5,0.45,0.5,0.8,0.1341491
0.2,0.65,0.6,0.4,0.6,0.85,0.1341244
0.25,0.6,0.65,0.4,0.7,0.85,0.1341233
0.2,0.65,0.55,0.45,0.6,0.85,0.1340963
0.25,0.6,0.55,0.5,0.7,0.85,0.1340956
0.25,0.6,0.65,0.4,0.5,0.7,0.1340193
0.2,0.6,0.6,0.45,0.55,0.75,0.1340182
0.25,0.7,0.5,0.4,0.5,0.85,0.1340155
0.15,0.65,0.6,0.5,0.55,0.8,0.134011
0.25,0.6,0.5,0.5,0.55,0.75,0.1340076
0.2,0.7,0.55,0.4,0.5,0.85,0.1339657
0.15,0.65,0.65,0.45,0.55,0.8,0.1339545
0.15,0.6,0.5,0.45,0.65,0.85,0.1339444
0.2,0.7,0.65,0.45,0.55,0.85,0.1338937
0.25,0.65,0.6,0.5,0.5,0.75,0.1338835
0.2,0.7,0.6,0.5,0.55,0.85,0.1338812
0.25,0.6,0.5,0.45,0.6,0.8,0.1338663
0.2,0.6,0.65,0.45,0.7,0.85,0.1338016
0.2,0.6,0.6,0.5,0.7,0.85,0.1337934
0.2,0.6,0.55,0.5,0.55,0.75,0.1337848
0.2,0.6,0.6,0.5,0.5,0.7,0.1337778
0.25,0.65,0.65,0.45,0.5,0.75,0.1337477
0.2,0.6,0.55,0.45,0.6,0.8,0.1337215
0.15,0.6,0.55,0.4,0.5,0.75,0.1336844
0.2,0.6,0.6,0.4,0.6,0.8,0.1336789
0.25,0.6,0.65,0.5,0.6,0.75,0.1336497
0.2,0.7,0.5,0.45,0.5,0.85,0.1336327
0.2,0.6,0.65,0.45,0.5,0.7,0.1335453
0.25,0.65,0.6,0.45,0.55,0.8,0.1335285
0.2,0.6,0.65,0.4,0.55,0.75,0.1335208
0.2,0.6,0.65,0.5,0.65,0.8,0.1335172
0.2,0.65,0.5,0.5,0.6,0.85,0.1334945
0.15,0.65,0.6,0.45,0.6,0.85,0.1334686
0.15,0.6,0.5,0.45,0.5,0.75,0.1334233
0.25,0.65,0.5,0.4,0.5,0.8,0.1333891
0.15,0.7,0.6,0.4,0.5,0.85,0.133334
0.25,0.7,0.65,0.5,0.5,0.8,0.1333066
0.15,0.7,0.55,0.45,0.5,0.85,0.1332987
0.25,0.65,0.55,0.5,0.55,0.8,0.13326
0.2,0.65,0.55,0.4,0.5,0.8,0.1332381
0.25,0.6,0.5,0.4,0.65,0.85,0.1332034
0.15,0.65,0.65,0.4,0.6,0.85,0.1331914
0.15,0.65,0.55,0.5,0.6,0.85,0.1331575
0.25,0.65,0.65,0.4,0.55,0.8,0.1331566
0.2,0.6,0.55,0.4,0.65,0.85,0.1331365
0.2,0.6,0.5,0.5,0.6,0.8,0.1331194
0.2,0.65,0.65,0.5,0.5,0.75,0.1330393
0.15,0.7,0.65,0.5,0.55,0.85,0.1330341
0.2,0.65,0.5,0.45,0.5,0.8,0.1329412
0.15,0.6,0.6,0.45,0.6,0.8,0.1329398
0.15,0.6,0.65,0.5,0.7,0.85,0.1329358
0.25,0.65,0.65,0.5,0.65,0.85,0.1329108
0.15,0.6,0.6,0.5,0.55,0.75,0.1328832
0.2,0.65,0.6,0.5,0.55,0.8,0.1328556
0.2,0.6,0.5,0.45,0.65,0.85,0.1328211
0.2,0.65,0.65,0.45,0.55,0.8,0.1327954
0.15,0.6,0.65,0.45,0.55,0.75,0.1327407
0.25,0.65,0.6,0.4,0.6,0.85,0.1327198
0.25,0.65,0.55,0.45,0.6,0.85,0.1326992
0.15,0.7,0.5,0.5,0.5,0.85,0.1326855
0.15,0.6,0.55,0.5,0.6,0.8,0.1326656
0.15,0.65,0.5,0.4,0.55,0.85,0.1326176
0.25,0.6,0.5,0.4,0.5,0.75,0.1325935
0.25,0.7,0.55,0.4,0.5,0.85,0.1325798
0.25,0.7,0.65,0.45,0.55,0.85,0.1325576
0.15,0.6,0.65,0.4,0.6,0.8,0.1325566
0.25,0.7,0.6,0.5,0.55,0.85,0.1325514
0.15,0.6,0.6,0.4,0.65,0.85,0.13248
0.15,0.65,0.55,0.45,0.5,0.8,0.1324762
0.15,0.6,0.55,0.45,0.65,0.85,0.1324582
0.25,0.6,0.65,0.45,0.7,0.85,0.1324396
0.25,0.6,0.6,0.5,0.7,0.85,0.1324367
0.15,0.65,0.6,0.4,0.5,0.8,0.132435
0.15,0.6,0.5,0.4,0.55,0.8,0.1324253
0.2,0.65,0.6,0.45,0.6,0.85,0.1323815
0.25,0.6,0.6,0.45,0.55,0.75,0.1323648
0.15,0.6,0.65,0.5,0.5,0.7,0.132363
0.2,0.6,0.55,0.4,0.5,0.75,0.1323212
0.25,0.7,0.5,0.45,0.5,0.85,0.1322614
0.2,0.7,0.6,0.4,0.5,0.85,0.1322562
0.2,0.7,0.55,0.45,0.5,0.85,0.1322266
0.25,0.6,0.55,0.45,0.6,0.8,0.1321783
0.25,0.6,0.55,0.5,0.55,0.75,0.1321444
0.25,0.6,0.6,0.4,0.6,0.8,0.1321293
0.25,0.65,0.5,0.5,0.6,0.85,0.1321168
0.2,0.65,0.65,0.4,0.6,0.85,0.1321046
0.2,0.65,0.55,0.5,0.6,0.85,0.1320801
0.2,0.6,0.5,0.45,0.5,0.75,0.1320725
0.25,0.6,0.65,0.5,0.65,0.8,0.1320723
0.25,0.6,0.6,0.5,0.5,0.7,0.1320359
0.2,0.7,0.65,0.5,0.55,0.85,0.132003
0.2,0.6,0.65,0.5,0.7,0.85,0.1318841
0.25,0.6,0.65,0.4,0.55,0.75,0.1318735
0.15,0.6,0.5,0.5,0.65,0.85,0.1318633
0.15,0.65,0.5,0.5,0.5,0.8,0.1318631
0.15,0.65,0.65,0.5,0.55,0.8,0.1318417
0.25,0.6,0.65,0.45,0.5,0.7,0.1318032
0.2,0.6,0.6,0.45,0.6,0.8,0.1317424
0.25,0.6,0.55,0.4,0.65,0.85,0.1317002
0.25,0.65,0.55,0.4,0.5,0.8,0.1316913
0.2,0.7,0.5,0.5,0.5,0.85,0.1316279
0.15,0.7,0.6,0.45,0.5,0.85,0.1316269
0.2,0.6,0.6,0.5,0.55,0.75,0.1316134
0.25,0.6,0.5,0.5,0.6,0.8,0.1315973
0.2,0.65,0.5,0.4,0.55,0.85,0.131495
0.25,0.65,0.65,0.5,0.5,0.75,0.1314932
0.15,0.65,0.65,0.45,0.6,0.85,0.1314919
0.15,0.65,0.6,0.5,0.6,0.85,0.1314887
0.2,0.6,0.55,0.5,0.6,0.8,0.1314778
0.2,0.6,0.65,0.45,0.55,0.75,0.1314691
0.15,0.6,0.55,0.45,0.5,0.75,0.1314561
0.25,0.65,0.5,0.45,0.5,0.8,0.1314097
0.25,0.6,0.5,0.45,0.65,0.85,0.1313981
0.25,0.65,0.6,0.5,0.55,0.8,0.1313934
0.2,0.6,0.6,0.4,0.65,0.85,0.1313627
0.2,0.6,0.65,0.4,0.6,0.8,0.1313615
0.15,0.7,0.65,0.4,0.5,0.85,0.1313512
0.2,0.6,0.55,0.45,0.65,0.85,0.131346
0.25,0.65,0.65,0.45,0.55,0.8,0.1313282
0.15,0.6,0.6,0.4,0.5,0.75,0.1313222
0.15,0.7,0.55,0.5,0.5,0.85,0.1313176
0.2,0.65,0.55,0.45,0.5,0.8,0.1312819
0.2,0.65,0.6,0.4,0.5,0.8,0.1312356
0.2,0.6,0.5,0.4,0.55,0.8,0.1311689
0.15,0.65,0.55,0.4,0.55,0.85,0.1311347
0.2,0.6,0.65,0.5,0.5,0.7,0.1310261
0.25,0.65,0.6,0.45,0.6,0.85,0.1310048
0.25,0.7,0.6,0.4,0.5,0.85,0.130887
0.25,0.7,0.55,0.45,0.5,0.85,0.1308653
0.15,0.6,0.5,0.5,0.5,0.75,0.1308506
0.15,0.65,0.5,0.45,0.55,0.85,0.1308117
0.2,0.6,0.5,0.5,0.65,0.85,0.1307649
0.15,0.6,0.6,0.5,0.6,0.8,0.1307456
0.25,0.65,0.65,0.4,0.6,0.85,0.1307277
0.15,0.6,0.6,0.45,0.65,0.85,0.1307226
0.25,0.65,0.55,0.5,0.6,0.85,0.1307154
0.2,0.65,0.65,0.5,0.55,0.8,0.1307119
0.25,0.7,0.65,0.5,0.55,0.85,0.1306967
0.2,0.65,0.5,0.5,0.5,0.8,0.1306849
0.15,0.6,0.65,0.45,0.6,0.8,0.1306778
0.15,0.6,0.55,0.4,0.55,0.8,0.1306707
0.25,0.6,0.55,0.4,0.5,0.75,0.1305984
0.2,0.7,0.6,0.45,0.5,0.85,0.1305671
0.25,0.6,0.65,0.5,0.7,0.85,0.1305547
0.15,0.65,0.6,0.45,0.5,0.8,0.1305249
0.15,0.6,0.65,0.4,0.65,0.85,0.1304387
0.15,0.6,0.55,0.5,0.65,0.85,0.1304275
0.2,0.65,0.6,0.5,0.6,0.85,0.1304262
0.2,0.65,0.65,0.45,0.6,0.85,0.1304252
0.15,0.6,0.65,0.5,0.55,0.75,0.1304183
0.15,0.6,0.5,0.45,0.55,0.8,0.1303839
0.25,0.6,0.5,0.45,0.5,0.75,0.1303651
0.2,0.7,0.65,0.4,0.5,0.85,0.130291
0.25,0.7,0.5,0.5,0.5,0.85,0.1302859
0.2,0.7,0.55,0.5,0.5,0.85,0.1302674
0.15,0.65,0.55,0.5,0.5,0.8,0.130256
0.25,0.6,0.6,0.45,0.6,0.8,0.1302293
0.15,0.65,0.65,0.4,0.5,0.8,0.1301376
0.2,0.6,0.55,0.45,0.5,0.75,0.1301277
0.25,0.65,0.5,0.4,0.55,0.85,0.1300711
0.2,0.65,0.55,0.4,0.55,0.85,0.1300212
0.25,0.6,0.6,0.5,0.55,0.75,0.1300111
0.2,0.6,0.6,0.4,0.5,0.75,0.1299913
0.25,0.6,0.55,0.5,0.6,0.8,0.1299767
0.25,0.6,0.6,0.4,0.65,0.85,0.1299488
0.25,0.6,0.55,0.45,0.65,0.85,0.1299392
0.25,0.6,0.65,0.45,0.55,0.75,0.1298645
0.25,0.6,0.65,0.4,0.6,0.8,0.1298512
0.25,0.65,0.55,0.45,0.5,0.8,0.1297697
0.25,0.65,0.6,0.4,0.5,0.8,0.1297173
0.2,0.65,0.5,0.45,0.55,0.85,0.1297092
0.15,0.7,0.65,0.45,0.5,0.85,0.1297045
0.15,0.7,0.6,0.5,0.5,0.85,0.1297035
0.2,0.6,0.6,0.45,0.65,0.85,0.1296275
0.15,0.65,0.65,0.5,0.6,0.85,0.1295838
0.2,0.6,0.6,0.5,0.6,0.8,0.12958
0.25,0.6,0.5,0.4,0.55,0.8,0.129579
0.2,0.6,0.5,0.5,0.5,0.75,0.1295403
0.2,0.6,0.65,0.45,0.6,0.8,0.1295094
0.15,0.6,0.5,0.4,0.6,0.85,0.1294445
0.2,0.6,0.55,0.4,0.55,0.8,0.1294313
0.15,0.65,0.6,0.4,0.55,0.85,0.1293884
0.25,0.6,0.5,0.5,0.65,0.85,0.1293766
0.15,0.65,0.55,0.45,0.55,0.85,0.1293713
0.2,0.65,0.6,0.45,0.5,0.8,0.129351
0.2,0.6,0.65,0.4,0.65,0.85,0.1293444
0.25,0.6,0.65,0.5,0.5,0.7,0.1293428
0.2,0.6,0.55,0.5,0.65,0.85,0.1293413
0.25,0.65,0.65,0.5,0.55,0.8,0.1292833
0.25,0.7,0.6,0.45,0.5,0.85,0.1292234
0.25,0.65,0.5,0.5,0.5,0.8,0.1291941
0.15,0.6,0.6,0.45,0.5,0.75,0.1291927
0.2,0.6,0.65,0.5,0.55,0.75,0.1291838
0.2,0.6,0.5,0.45,0.55,0.8,0.129155
0.2,0.65,0.55,0.5,0.5,0.8,0.1290918
0.25,0.65,0.6,0.5,0.6,0.85,0.1290817
0.25,0.65,0.65,0.45,0.6,0.85,0.1290757
0.15,0.6,0.55,0.5,0.5,0.75,0.1289759
0.2,0.65,0.65,0.4,0.5,0.8,0.1289658
0.25,0.7,0.65,0.4,0.5,0.85,0.1289468
0.25,0.7,0.55,0.5,0.5,0.85,0.1289364
0.15,0.65,0.5,0.5,0.55,0.85,0.1287816
0.15,0.6,0.6,0.5,0.65,0.85,0.1287544
0.15,0.6,0.65,0.45,0.65,0.85,0.1287471
0.15,0.6,0.55,0.45,0.55,0.8,0.128691
0.15,0.6,0.65,0.4,0.5,0.75,0.1286774
0.2,0.7,0.6,0.5,0.5,0.85,0.128666
0.2,0.7,0.65,0.45,0.5,0.85,0.128663
0.15,0.6,0.6,0.4,0.55,0.8,0.1286336
0.25,0.65,0.55,0.4,0.55,0.85,0.1286112
0.15,0.6,0.65,0.5,0.6,0.8,0.1285792
0.2,0.65,0.65,0.5,0.6,0.85,0.1285414
0.25,0.6,0.55,0.45,0.5,0.75,0.1284518
0.15,0.65,0.6,0.5,0.5,0.8,0.1283851
0.25,0.65,0.5,0.45,0.55,0.85,0.1283129
0.25,0.6,0.6,0.4,0.5,0.75,0.1283113
0.15,0.65,0.65,0.45,0.5,0.8,0.1283107
0.2,0.6,0.5,0.4,0.6,0.85,0.1283044
0.2,0.65,0.6,0.4,0.55,0.85,0.1282908
0.2,0.65,0.55,0.45,0.55,0.85,0.1282788
0.25,0.6,0.6,0.45,0.65,0.85,0.1282426
0.25,0.6,0.6,0.5,0.6,0.8,0.1281085
0.15,0.6,0.5,0.5,0.55,0.8,0.1281027
0.25,0.6,0.65,0.45,0.6,0.8,0.128034
0.25,0.6,0.55,0.5,0.65,0.85,0.1279682
0.25,0.6,0.65,0.4,0.65,0.85,0.1279605
0.15,0.6,0.55,0.4,0.6,0.85,0.1279426
0.2,0.6,0.6,0.45,0.5,0.75,0.1278958
0.25,0.6,0.5,0.5,0.5,0.75,0.1278872
0.25,0.65,0.6,0.45,0.5,0.8,0.1278668
0.25,0.6,0.55,0.4,0.55,0.8,0.1278645
0.15,0.7,0.65,0.5,0.5,0.85,0.1278505
0.2,0.65,0.5,0.5,0.55,0.85,0.127703
0.2,0.6,0.55,0.5,0.5,0.75,0.1276883
0.2,0.6,0.6,0.5,0.65,0.85,0.1276852
0.15,0.65,0.6,0.45,0.55,0.85,0.1276791
0.2,0.6,0.65,0.45,0.65,0.85,0.1276741
0.15,0.6,0.5,0.45,0.6,0.85,0.1276392
0.25,0.6,0.65,0.5,0.55,0.75,0.1276276
0.25,0.65,0.55,0.5,0.5,0.8,0.12762
0.25,0.6,0.5,0.45,0.55,0.8,0.1276027
0.25,0.65,0.65,0.4,0.5,0.8,0.1274843
0.2,0.6,0.55,0.45,0.55,0.8,0.1274795
0.2,0.6,0.65,0.5,0.6,0.8,0.1274411
0.2,0.6,0.6,0.4,0.55,0.8,0.127418
0.15,0.65,0.55,0.5,0.55,0.85,0.1273902
0.15,0.65,0.65,0.4,0.55,0.85,0.1273899
0.2,0.6,0.65,0.4,0.5,0.75,0.1273863
0.25,0.7,0.6,0.5,0.5,0.85,0.1273523
0.25,0.7,0.65,0.45,0.5,0.85,0.1273437
0.2,0.65,0.6,0.5,0.5,0.8,0.127241
0.25,0.65,0.65,0.5,0.6,0.85,0.1272235
0.2,0.65,0.65,0.45,0.5,0.8,0.1271637
0.2,0.6,0.5,0.5,0.55,0.8,0.1269066
0.25,0.65,0.6,0.4,0.55,0.85,0.126901
0.25,0.65,0.55,0.45,0.55,0.85,0.1268957
0.25,0.6,0.5,0.4,0.6,0.85,0.1268626
0.15,0.6,0.65,0.5,0.65,0.85,0.1268524
0.2,0.7,0.65,0.5,0.5,0.85,0.1268311
0.15,0.6,0.6,0.5,0.5,0.75,0.126822
0.2,0.6,0.55,0.4,0.6,0.85,0.126815
0.15,0.65,0.5,0.4,0.5,0.85,0.1267378
0.15,0.6,0.6,0.45,0.55,0.8,0.1267288
0.15,0.6,0.65,0.45,0.5,0.75,0.1266593
0.2,0.65,0.6,0.45,0.55,0.85,0.1266019
0.2,0.6,0.5,0.45,0.6,0.85,0.1265209
0.15,0.6,0.55,0.5,0.55,0.8,0.1264798
0.25,0.65,0.5,0.5,0.55,0.85,0.1263388
0.25,0.6,0.6,0.5,0.65,0.85,0.1263342
0.15,0.6,0.65,0.4,0.55,0.8,0.126332
0.2,0.65,0.55,0.5,0.55,0.85,0.126322
0.25,0.6,0.65,0.45,0.65,0.85,0.1263187
0.2,0.65,0.65,0.4,0.55,0.85,0.1263134
0.15,0.65,0.65,0.5,0.5,0.8,0.1262642
0.25,0.6,0.6,0.45,0.5,0.75,0.1262606
0.15,0.6,0.6,0.4,0.6,0.85,0.1261854
0.15,0.6,0.55,0.45,0.6,0.85,0.1261826
0.15,0.6,0.5,0.4,0.5,0.8,0.1260738
0.25,0.6,0.55,0.5,0.5,0.75,0.1260652
0.25,0.6,0.65,0.5,0.6,0.8,0.1260057
0.25,0.6,0.55,0.45,0.55,0.8,0.1259502
0.25,0.6,0.6,0.4,0.55,0.8,0.1258833
0.2,0.6,0.65,0.5,0.65,0.85,0.1258049
0.25,0.65,0.6,0.5,0.5,0.8,0.1257962
0.15,0.65,0.6,0.5,0.55,0.85,0.1257597
0.25,0.6,0.65,0.4,0.5,0.75,0.1257584
0.15,0.65,0.65,0.45,0.55,0.85,0.125745
0.25,0.65,0.65,0.45,0.5,0.8,0.1257151
0.2,0.65,0.5,0.4,0.5,0.85,0.1256293
0.15,0.6,0.5,0.5,0.6,0.85,0.1256155
0.2,0.6,0.6,0.5,0.5,0.75,0.1255639
0.2,0.6,0.6,0.45,0.55,0.8,0.1255408
0.25,0.7,0.65,0.5,0.5,0.85,0.1255407
0.2,0.6,0.65,0.45,0.5,0.75,0.1254007
0.25,0.6,0.5,0.5,0.55,0.8,0.1253977
0.25,0.6,0.55,0.4,0.6,0.85,0.1253892
0.2,0.6,0.55,0.5,0.55,0.8,0.1253006
0.15,0.65,0.55,0.4,0.5,0.85,0.1252987
0.25,0.65,0.6,0.45,0.55,0.85,0.1252398
0.2,0.6,0.65,0.4,0.55,0.8,0.1251474
0.2,0.65,0.65,0.5,0.5,0.8,0.1251463
0.25,0.6,0.5,0.45,0.6,0.85,0.1251087
0.2,0.6,0.55,0.45,0.6,0.85,0.1250771
0.2,0.6,0.6,0.4,0.6,0.85,0.1250758
0.15,0.65,0.5,0.45,0.5,0.85,0.1249974
0.25,0.65,0.55,0.5,0.55,0.85,0.1249718
0.25,0.65,0.65,0.4,0.55,0.85,0.1249518
0.2,0.6,0.5,0.4,0.5,0.8,0.1248317
0.2,0.65,0.6,0.5,0.55,0.85,0.1247069
0.2,0.65,0.65,0.45,0.55,0.85,0.1246888
0.15,0.6,0.6,0.5,0.55,0.8,0.1246017
0.2,0.6,0.5,0.5,0.6,0.85,0.1245233
0.15,0.6,0.65,0.45,0.55,0.8,0.1245136
0.25,0.6,0.65,0.5,0.65,0.85,0.1244821
0.15,0.6,0.6,0.45,0.6,0.85,0.124482
0.15,0.6,0.65,0.5,0.5,0.75,0.1244111
0.15,0.6,0.55,0.4,0.5,0.8,0.1243674
0.25,0.65,0.5,0.4,0.5,0.85,0.1242263
0.15,0.6,0.55,0.5,0.6,0.85,0.1242109
0.2,0.65,0.55,0.4,0.5,0.85,0.1241996
0.15,0.6,0.65,0.4,0.6,0.85,0.1241846
0.15,0.6,0.5,0.45,0.5,0.8,0.1241052
0.25,0.6,0.6,0.45,0.55,0.8,0.1240425
0.25,0.6,0.6,0.5,0.5,0.75,0.1239801
0.2,0.65,0.5,0.45,0.5,0.85,0.1239089
0.15,0.65,0.65,0.5,0.55,0.85,0.1238986
0.25,0.6,0.65,0.45,0.5,0.75,0.1238156
0.25,0.6,0.55,0.5,0.55,0.8,0.1238143
0.25,0.65,0.65,0.5,0.5,0.8,0.1237356
0.25,0.6,0.55,0.45,0.6,0.85,0.1236811
0.25,0.6,0.6,0.4,0.6,0.85,0.1236738
0.25,0.6,0.65,0.4,0.55,0.8,0.123653
0.15,0.65,0.6,0.4,0.5,0.85,0.1236016
0.15,0.65,0.55,0.45,0.5,0.85,0.1236
0.2,0.6,0.6,0.5,0.55,0.8,0.1234454
0.2,0.6,0.6,0.45,0.6,0.85,0.1233939
0.25,0.65,0.6,0.5,0.55,0.85,0.1233772
0.2,0.6,0.65,0.45,0.55,0.8,0.1233556
0.25,0.65,0.65,0.45,0.55,0.85,0.1233545
0.25,0.6,0.5,0.4,0.5,0.8,0.1232636
0.2,0.6,0.65,0.5,0.5,0.75,0.1231898
0.25,0.6,0.5,0.5,0.6,0.85,0.1231458
0.2,0.6,0.55,0.4,0.5,0.8,0.1231426
0.2,0.6,0.55,0.5,0.6,0.85,0.1231313
0.2,0.6,0.65,0.4,0.6,0.85,0.1230983
0.15,0.65,0.5,0.5,0.5,0.85,0.1230397
0.15,0.6,0.5,0.4,0.55,0.85,0.1230333
0.2,0.6,0.5,0.45,0.5,0.8,0.1228907
0.2,0.65,0.65,0.5,0.55,0.85,0.1228661
0.25,0.65,0.55,0.4,0.5,0.85,0.12281
0.15,0.6,0.6,0.5,0.6,0.85,0.1225743
0.15,0.6,0.65,0.45,0.6,0.85,0.1225481
0.25,0.65,0.5,0.45,0.5,0.85,0.122532
0.2,0.65,0.55,0.45,0.5,0.85,0.1225215
0.2,0.65,0.6,0.4,0.5,0.85,0.1225181
0.15,0.6,0.65,0.5,0.55,0.8,0.1224828
0.15,0.6,0.55,0.45,0.5,0.8,0.1224609
0.15,0.6,0.6,0.4,0.5,0.8,0.1223851
0.25,0.6,0.6,0.45,0.6,0.85,0.1220222
0.25,0.6,0.6,0.5,0.55,0.8,0.1219892
0.2,0.65,0.5,0.5,0.5,0.85,0.1219748
0.15,0.65,0.6,0.45,0.5,0.85,0.1219575
0.15,0.6,0.5,0.5,0.5,0.8,0.1219056
0.2,0.6,0.5,0.4,0.55,0.85,0.1219051
0.25,0.6,0.65,0.45,0.55,0.8,0.1218964
0.25,0.6,0.55,0.5,0.6,0.85,0.1217701
0.25,0.6,0.65,0.4,0.6,0.85,0.1217277
0.15,0.65,0.55,0.5,0.5,0.85,0.1216919
0.15,0.65,0.65,0.4,0.5,0.85,0.1216588
0.25,0.6,0.65,0.5,0.5,0.75,0.1216531
0.25,0.6,0.55,0.4,0.5,0.8,0.1215982
0.15,0.6,0.55,0.4,0.55,0.85,0.1215745
0.25,0.65,0.65,0.5,0.55,0.85,0.1215632
0.2,0.6,0.6,0.5,0.6,0.85,0.1215124
0.2,0.6,0.65,0.45,0.6,0.85,0.1214833
0.25,0.6,0.5,0.45,0.5,0.8,0.12136
0.2,0.6,0.65,0.5,0.55,0.8,0.1213555
0.15,0.6,0.5,0.45,0.55,0.85,0.1212947
0.2,0.6,0.55,0.45,0.5,0.8,0.1212639
0.2,0.6,0.6,0.4,0.5,0.8,0.1211852
0.25,0.65,0.55,0.45,0.5,0.85,0.1211589
0.25,0.65,0.6,0.4,0.5,0.85,0.1211495
0.2,0.65,0.6,0.45,0.5,0.85,0.1208943
0.2,0.6,0.5,0.5,0.5,0.8,0.1207238
0.15,0.6,0.65,0.5,0.6,0.85,0.1207152
0.2,0.65,0.55,0.5,0.5,0.85,0.1206374
0.25,0.65,0.5,0.5,0.5,0.85,0.1206303
0.2,0.65,0.65,0.4,0.5,0.85,0.120597
0.15,0.6,0.6,0.45,0.5,0.8,0.1205541
0.25,0.6,0.5,0.4,0.55,0.85,0.1204813
0.2,0.6,0.55,0.4,0.55,0.85,0.1204585
0.15,0.6,0.55,0.5,0.5,0.8,0.1203317
0.2,0.6,0.5,0.45,0.55,0.85,0.1201882
0.25,0.6,0.6,0.5,0.6,0.85,0.1201744
0.15,0.6,0.65,0.4,0.5,0.8,0.1201476
0.25,0.6,0.65,0.45,0.6,0.85,0.1201412
0.15,0.65,0.6,0.5,0.5,0.85,0.1201106
0.15,0.65,0.65,0.45,0.5,0.85,0.120079
0.25,0.6,0.65,0.5,0.55,0.8,0.1199364
0.15,0.6,0.55,0.45,0.55,0.85,0.1198811
0.15,0.6,0.6,0.4,0.55,0.85,0.1198665
0.25,0.6,0.55,0.45,0.5,0.8,0.1197566
0.2,0.6,0.65,0.5,0.6,0.85,0.1196759
0.25,0.6,0.6,0.4,0.5,0.8,0.1196735
0.25,0.65,0.6,0.45,0.5,0.85,0.1195529
0.2,0.6,0.6,0.45,0.5,0.8,0.1193814
0.15,0.6,0.5,0.5,0.55,0.85,0.1193458
0.25,0.65,0.55,0.5,0.5,0.85,0.119307
0.25,0.65,0.65,0.4,0.5,0.85,0.1192569
0.25,0.6,0.5,0.5,0.5,0.8,0.119236
0.2,0.6,0.55,0.5,0.5,0.8,0.1191671
0.2,0.65,0.6,0.5,0.5,0.85,0.1190714
0.25,0.6,0.55,0.4,0.55,0.85,0.1190516
0.2,0.65,0.65,0.45,0.5,0.85,0.1190377
0.2,0.6,0.65,0.4,0.5,0.8,0.1189787
0.25,0.6,0.5,0.45,0.55,0.85,0.1187937
0.2,0.6,0.55,0.45,0.55,0.85,0.1187877
0.2,0.6,0.6,0.4,0.55,0.85,0.1187694
0.15,0.6,0.6,0.5,0.5,0.8,0.1185091
0.15,0.6,0.65,0.45,0.5,0.8,0.1184031
0.25,0.6,0.65,0.5,0.6,0.85,0.1183668
0.15,0.65,0.65,0.5,0.5,0.85,0.1183046
0.2,0.6,0.5,0.5,0.55,0.85,0.1182651
0.15,0.6,0.6,0.45,0.55,0.85,0.1182303
0.15,0.6,0.55,0.5,0.55,0.85,0.1179848
0.15,0.6,0.65,0.4,0.55,0.85,0.1179223
0.25,0.6,0.6,0.45,0.5,0.8,0.1179059
0.25,0.65,0.6,0.5,0.5,0.85,0.117762
0.25,0.65,0.65,0.45,0.5,0.85,0.1177236
0.25,0.6,0.55,0.5,0.5,0.8,0.117702
0.25,0.6,0.65,0.4,0.5,0.8,0.1175082
0.25,0.6,0.55,0.45,0.55,0.85,0.1174103
0.25,0.6,0.6,0.4,0.55,0.85,0.117387
0.2,0.6,0.6,0.5,0.5,0.8,0.1173681
0.2,0.65,0.65,0.5,0.5,0.85,0.1172866
0.2,0.6,0.65,0.45,0.5,0.8,0.117261
0.2,0.6,0.6,0.45,0.55,0.85,0.1171554
0.2,0.6,0.55,0.5,0.55,0.85,0.1169175
0.25,0.6,0.5,0.5,0.55,0.85,0.1169055
0.2,0.6,0.65,0.4,0.55,0.85,0.1168496
0.15,0.6,0.5,0.4,0.5,0.85,0.1166564
0.15,0.6,0.65,0.5,0.5,0.8,0.1164547
0.15,0.6,0.6,0.5,0.55,0.85,0.1163986
0.15,0.6,0.65,0.45,0.55,0.85,0.1163536
0.25,0.65,0.65,0.5,0.5,0.85,0.116004
0.25,0.6,0.6,0.5,0.5,0.8,0.115934
0.25,0.6,0.65,0.45,0.5,0.8,0.115825
0.25,0.6,0.6,0.45,0.55,0.85,0.1158021
0.25,0.6,0.55,0.5,0.55,0.85,0.1155745
0.2,0.6,0.5,0.4,0.5,0.85,0.1155455
0.25,0.6,0.65,0.4,0.55,0.85,0.1154986
0.2,0.6,0.6,0.5,0.55,0.85,0.1153489
0.2,0.6,0.65,0.5,0.5,0.8,0.1153427
0.2,0.6,0.65,0.45,0.55,0.85,0.115302
0.15,0.6,0.55,0.4,0.5,0.85,0.1152533
0.15,0.6,0.5,0.45,0.5,0.85,0.1149983
0.15,0.6,0.65,0.5,0.55,0.85,0.1145964
0.2,0.6,0.55,0.4,0.5,0.85,0.1141549
0.25,0.6,0.5,0.4,0.5,0.85,0.1141475
0.25,0.6,0.6,0.5,0.55,0.85,0.1140297
0.25,0.6,0.65,0.45,0.55,0.85,0.1139799
0.25,0.6,0.65,0.5,0.5,0.8,0.1139469
0.2,0.6,0.5,0.45,0.5,0.85,0.1139091
0.15,0.6,0.55,0.45,0.5,0.85,0.1136403
0.15,0.6,0.6,0.4,0.5,0.85,0.1136088
0.2,0.6,0.65,0.5,0.55,0.85,0.1135704
0.15,0.6,0.5,0.5,0.5,0.85,0.1131393
0.25,0.6,0.55,0.4,0.5,0.85,0.1127739
0.2,0.6,0.55,0.45,0.5,0.85,0.1125641
0.25,0.6,0.5,0.45,0.5,0.85,0.1125396
0.2,0.6,0.6,0.4,0.5,0.85,0.1125295
0.25,0.6,0.65,0.5,0.55,0.85,0.1122809
0.2,0.6,0.5,0.5,0.5,0.85,0.1120754
0.15,0.6,0.6,0.45,0.5,0.85,0.1120523
0.15,0.6,0.55,0.5,0.5,0.85,0.1118329
0.15,0.6,0.65,0.4,0.5,0.85,0.1117366
0.25,0.6,0.55,0.45,0.5,0.85,0.1112119
0.25,0.6,0.6,0.4,0.5,0.85,0.1111731
0.2,0.6,0.6,0.45,0.5,0.85,0.1109946
0.2,0.6,0.55,0.5,0.5,0.85,0.1107823
0.25,0.6,0.5,0.5,0.5,0.85,0.1107399
0.2,0.6,0.65,0.4,0.5,0.85,0.1106818
0.15,0.6,0.6,0.5,0.5,0.85,0.1103086
0.15,0.6,0.65,0.45,0.5,0.85,0.1102465
0.25,0.6,0.6,0.45,0.5,0.85,0.1096668
0.25,0.6,0.55,0.5,0.5,0.85,0.1094639
0.25,0.6,0.65,0.4,0.5,0.85,0.1093572
0.2,0.6,0.6,0.5,0.5,0.85,0.1092764
0.2,0.6,0.65,0.45,0.5,0.85,0.1092132
0.15,0.6,0.65,0.5,0.5,0.85,0.1085769
0.25,0.6,0.6,0.5,0.5,0.85,0.1079817
0.25,0.6,0.65,0.45,0.5,0.85,0.1079164
0.2,0.6,0.65,0.5,0.5,0.85,0.1075683
0.25,0.6,0.65,0.5,0.5,0.85,0.1063035
